"Personal Social Services: Expenditure and Unit Costs, England - 2012-13, Final Release: Activity Data by CASSR",,,,,,,,,,,,,,,,,,,,,,,,,,,,,,,,,,,,,,,,,,,,,,,,,,,,,,,,,,,,,,,,,,,,,,,,,,,,,,,,,,,,,,,,,,,,,,,,,,,,,,,,,,,,,,,,,,,,,,,,,,,,,,,
,"ASSESSMENTS, REVIEWS AND SERVICES",,,,,,,,,,,,,,,,,,,,,,,,,,,,,SUPPORTED RESIDENTS,,,,,,,,,,,,,,,,,,,,,,,,,,,,,,,,,,,,,,,,,,,,,,,,,,,,,,,,,,PEOPLE IN SUPPORTED AND OTHER ACCOMMODATION,,,,,,,,,,,,HOME CARE,,,,,DAY CARE / DAY SERVICES,,,,,,,,,,,,"DIRECT PAYMENTS - Carers, caring for adults",,,,,,EQUIPMENT AND ADAPTATIONS,,,OTHER,
,"Overall total of existing clients with completed reviews (RAP A1 Page 1, Box 1)",Reviews completed between 1 April and 31 March,,,,People with completed assessments during year,,,,,,People receiving services at 31 March,,,,,,,,,,,,,,,,,,Numbers of people resident in residential or nursing care (both permanent and temporary) at 31st March excluding full cost paying residents and residents wholly funded under Section 256 [formerly Section 28a],,,,Number of weeks spent in residential and nursing care (both permanent and temporary) excluding full cost paying residents and residents wholly funded under Section 256 [formerly Section 28a] during the year,,,,,,,,,,,,,,,,,,Full cost paying residents: Number of weeks spent in LA residential homes (both permanent and temporary placements) by residents whose full costs are included under expenditure (and income),,,,Full cost paying residents: Number of weeks spent in residential homes provided by others (both permanent and temporary placements) by residents whose full costs are included under expenditure (and income),,,,Full cost paying residents: Number of weeks spent in nursing homes (both permanent and temporary placements) by residents whose full costs are included under expenditure (and income),,,,Residents wholly funded under Section 256 [formerly Section 28a] : Number of weeks spent in LA residential homes (both permanent and temporary placements),,,,Residents wholly funded under Section 256 : Number of weeks spent in residential homes provided by others (both permanent and temporary placements),,,,Residents wholly funded under Section 256 : Number of weeks spent in nursing homes (both permanent and temporary placements),,,,Number of weeks supported residents spent in residential and nursing care (both permanent and temporary):,,,,,,,,,,,,Number of supported weeks over year:,Supported living / group homes,,,Adult Placement settings (including for respite care),,,,Number of people supported during year through Community Support Services:,,,,Number of clients receiving homecare of more than 10 hours AND 6 or more visits per week,Actual hours of home care provided during the year:,,Number of people supported during the year with:,,Number of day care or day services clients per week on average during the year,,,,,,,,Numbers of clients supported during the year in day care or day services with a view to employment,,,,Carers receiving direct payments during year,,,,,,Numbers of clients who have received one or more prescriptions in the year  ,Telecare,,"Total number of meals per week, on average during the year:",
,,"Number of completed review events of clients aged 65 and over (sum of RAP A1 page 1, columns 2 and 3, last row)",Number of completed review events of clients aged 18-64 with a Physical disability,Number of completed review events of clients aged 18-64 with Mental health needs  ,Number of completed review events of clients aged 18-64 with a Learning disability,"Physical disability, 18-64, completed assessments (sum of RAP A11 Page 2, columns 1 and 2, row 1)","Mental health, 18-64, completed assessments (sum of RAP A11 Page 2, columns 1 and 2, row 2)","Learning disability, 18-64, completed assessments (sum of RAP A11 Page 2, columns 1 and 2, row 3)","Substance misuse, 18-64, completed assessments (sum of RAP A11 Page 2, columns 1 and 2, row 4)","Other vulnerable people, 18-64, completed assessments (sum of RAP A11 Page 2, columns 1 and 2, row 5)","All clients aged 65 and over, completed assessments (sum of RAP A11 Page 2, columns 3 and 4, last row)","Physical disability, 18-64, Home care (RAP P2s Page 1, column 2, row 1)","Physical disability, 18-64, Day care (RAP P2s Page 1, column 3, row 1)","Physical disability, 18-64, Direct payments (RAP P2s Page 2, column 1, row 1)","Mental health, 18-64, Home care (RAP P2s Page 1, column 2, row 6)","Mental health, 18-64, Day care (RAP P2s Page 1, column 3, row 6)","Mental health, 18-64, Direct payments (RAP P2s Page 2, column 1, row 6)","Learning disability, 18-64, Home care (RAP P2s Page 1, column 2, row 8)","Learning disability, 18-64, Day care (RAP P2s Page 1, column 3, row 8)","Learning disability, 18-64, Direct payments (RAP P2s Page 2, column 1, row 8)","Total 18-64, Direct payments (RAP P2s Page 2, column 1, row 11)","Total 65 and over, Home care (RAP P2s Page 3, column 2, row 11)","Total 65 and over, Day care (RAP P2s Page 3, column 3, row 11)","Total 65 and over, Meals (RAP P2s Page 3, column 4, row 11)","Total 65 and over, Direct payments (RAP P2s Page 4, column 1, row 11)","Total all ages, Home care (sum of RAP P2s Pages 1 and 3, column 2, row 11)","Total all ages, Day care (sum of RAP P2s Pages 1 and 3, column 3, row 11)","Total all ages, Meals (sum of RAP P2s Pages 1 and 3, column 4, row 11)","Total all ages, Direct payments (sum of RAP P2s Pages 2 and 4, column 1, row 11)",Residents aged 65 and over,Residents aged 18-64 with a Physical disability,Residents aged 18-64 with Mental Health needs,Residents aged 18-64 with a Learning disability,Residents aged 65 and over,of which:  Rehabilitation / Intermediate care,Respite Care,Short term care,Older People aged 65 or over with Mental health needs,,Older People Aged 65 or over with a Learning disability,,Residents aged 18-64 with a Physical disability,,,,Residents aged 18-64 with Mental health needs,,,Residents aged 18-64 with a Learning disability,,,Residents aged 65 and over,Residents aged 18-64 with a Physical disability,Residents aged 18-64 with Mental health needs,Residents aged 18-64 with a Learning disability,Residents aged 65 and over,Residents aged 18-64 with a Physical disability,Residents aged 18-64 with Mental Health needs,Residents aged 18-64 with a Learning disability,Residents aged 65 and over,Residents aged 18-64 with a Physical disability,Residents aged 18-64 with Mental Health needs,Residents aged 18-64 with a Learning disability,Residents aged 65 and over,Residents aged 18-64 with a Physical disability,Residents aged 18-64 with Mental Health needs,Residents aged 18-64 with a Learning disability,Residents aged 65 and over,Residents aged 18-64 with a Physical disability,Residents aged 18-64 with Mental Health needs,Residents aged 18-64 with a Learning disability,Residents aged 65 and over,Residents aged 18-64 with a Physical disability,Residents aged 18-64 with Mental Health needs,Residents aged 18-64 with a Learning disability,Residents aged 65 and over in nursing placements,Residents aged 65 and over in own provision residential placements,Residents aged 65 and over in residential placements provided by others,Residents aged 18-64 with a Physical disability in nursing placements,Residents aged 18-64 with a Physical disability in own provision residential placements,Residents aged 18-64 with a Physical disability in residential placements provided by others,Residents aged 18-64 with Mental health needs in nursing placements,Residents aged 18-64 with Mental health needs in own provision residential placements,Residents aged 18-64 with Mental health needs in residential placements provided by others,Residents aged 18-64 with a Learning disability in nursing placements,Residents aged 18-64 with a Learning disability in own provision residential placements,Residents aged 18-64 with a Learning disability in residential placements provided by others,Older People in Extra Care Housing,People aged 18-64 with a Physical disability,People aged 18-64 with Mental health needs,People aged 18-64 with a Learning disability,People aged 65 and over,People aged 18-64 with a Physical disability,People aged 18-64 with Mental health needs,People aged 18-64 with a Learning disability,People aged 65 and over,People aged 18-64 with a Physical disability,People aged 18-64 with Mental health needs,People aged 18-64 with a Learning disability,,Provided by the council,Provided by the independent sector,Rehabilitation / re-enablement / intermediate care home care ,Live in Home Care,"Clients aged 65 and over, own provision","Clients aged 65 and over, provision by others","Clients aged 18-64 with a Physical disability, own provision","Clients aged 18-64 with a Physical disability, provision by others","Clients aged 18-64 with Mental health needs, own provision","Clients aged 18-64 with Mental health needs, provision by others","Clients aged 18-64 with a Learning disability, own provision","Clients aged 18-64 with a Learning disability, provision by others",People aged 18-64 with a Physical disability,People aged 18-64 with Mental Health needs,People aged 18-64 with a Learning disability,People aged 18-64 receiving other adult services,Young carers (aged 16-17),Carers aged 18-64,Carers aged 65-74,Carers aged 75-84,Carers aged 85 and over,Carers receiving direct payments at 31 March,,"Numbers of clients newly provided in year with one or more telecare services (incl telecare maintenance) funded, at least in part, by the CASSR ","Numbers of clients at year end with one or more telecare services (incl telecare maintenance) funded, at least in part, by the CASSR ",provided by the independent sector,provided by LA
,,,,,,,,,,,,,,,,,,,,,,,,,,,,,,,,,,,,,,Number of weeks spent in residential care (both permanent and temporary) excluding full cost paying residents and residents wholly funded under Section 256 ,Number of weeks spent in nursing care (both permanent and temporary) excluding full cost paying residents and residents wholly funded under Section 256 ,Number of weeks spent in residential care (both permanent and temporary) excluding full cost paying residents and residents wholly funded under Section 256 ,Number of weeks spent in nursing care (both permanent and temporary) excluding full cost paying residents and residents wholly funded under Section 256 ,,of which:  Rehabilitation / Intermediate care,Respite Care,Short term care,,of which:  Respite Care,Short term care,,of which:  Respite Care,Short term care,,,,,,,,,,,,,,,,,,,,,,,,,,,,,,,,,,,,,,,,,,,,,,,,,,,,,,,,,,,,,,,,,,,,,,,,,,,,
,A1.1,A2.1,A2.2,A2.3,A2.4,A3.1,A3.2,A3.3,A3.4,A3.5,A3.6,A4.1,A4.2,A4.3,A4.4,A4.5,A4.6,A4.7,A4.8,A4.9,A4.10,A4.11,A4.12,A4.13,A4.14,A4.15,A4.16,A4.17,A4.18,B1,B2,B3,B4,C1,C1.1,C1.2,C1.3,C2.1,C2.2,C3.1,C3.2,C4,C4.1,C4.2,C4.3,C5,C5.2,C5.3,C6,C6.2,C6.3,C7.1,C7.2,C7.3,C7.4,C8.1,C8.2,C8.3,C8.4,C9.1,C9.2,C9.3,C9.4,C10.1,C10.2,C10.3,C10.4,C11.1,C11.2,C11.3,C11.4,C12.1,C12.2,C12.3,C12.4,D1.1,D1.2,D1.3,D1.4,D1.5,D1.6,D1.7,D1.8,D1.9,D1.10,D1.11,D1.12,E1,E2.1,E2.2,E2.3,E3.1,E3.2,E3.3,E3.4,E4.1,E4.2,E4.3,E4.4,F1.1,F2.1,F2.2,F3.1,F3.2,G1.1,G1.2,G1.3,G1.4,G1.5,G1.6,G1.7,G1.8,G2.1,G2.2,G2.3,G2.4,H3.1,H3.2,H3.3,H3.4,H3.5,H4,I1,I2.1,I2.2,J1.1,J1.2
102 - Cumbria ,"12,720","19,095","3,065",775,"1,785",835,"1,005",50,5,45,"4,100",395,175,475,85,240,100,460,685,245,830,"2,705",680,415,795,"3,670","1,800",440,"1,625","1,785",50,40,235,"94,795",..,..,..,..,..,..,..,"2,680",..,..,..,"1,795",..,..,"11,855",..,..,"12,220",0,0,50,"13,025",80,0,50,"6,160",0,25,210,0,0,0,0,340,0,"1,380",0,0,0,0,0,"22,800","27,040","44,955","1,130",220,"1,330",235,50,"1,510","1,405","1,625","8,825",..,125,60,"11,910",0,0,5,55,..,..,..,..,"1,855","448,945","2,698,270",545,..,435,455,270,305,165,185,195,220,..,..,..,..,0,0,0,0,0,0,..,..,..,40,"1,540"
104 - Northumberland,"6,440","8,385","1,115",485,"1,495",650,460,90,5,0,"3,270",215,35,110,75,175,15,195,365,110,235,"1,450",345,0,170,"1,930",925,0,405,"1,220",45,60,210,"63,220",0,0,"1,545","25,635","4,300","4,790",160,"2,230",0,0,105,"3,375",0,50,"11,340",0,200,50,0,0,0,"12,705",105,155,0,"3,390",105,0,0,0,0,0,0,0,0,0,0,0,0,0,0,"13,335",750,"49,135",675,0,"1,555",490,0,"2,885",5,430,"10,905",..,..,..,..,425,15,90,"1,995",..,..,..,..,865,"89,885","1,306,725",..,..,50,385,0,35,0,275,265,225,..,..,..,..,0,0,5,0,0,5,..,..,..,0,0
106 - Gateshead ,"3,620","5,470",410,135,385,355,170,45,35,50,"1,605",105,20,135,45,45,15,150,155,75,230,"1,030",165,225,105,"1,330",385,235,335,..,..,..,..,"50,375",..,..,..,..,..,..,..,"2,100",..,..,..,"2,030",..,..,"7,420",..,..,0,0,0,0,0,0,0,0,0,0,0,0,0,0,0,0,0,0,0,0,0,0,0,0,"12,880","3,965","33,535",510,110,"1,480",355,20,"1,650",80,55,"7,285",..,..,..,..,..,..,..,..,..,..,..,..,395,"212,210","585,470",..,..,145,65,20,5,50,5,185,30,..,..,..,..,0,5,0,0,0,..,..,..,..,0,"1,090"
107 - Newcastle upon Tyne ,"4,980","5,145","1,265",755,850,490,90,25,20,5,"1,890",250,45,200,120,35,65,425,95,275,545,"1,540",330,145,195,"2,335",505,160,740,"1,085",55,85,70,"56,450",595,365,"3,145","10,830","5,780",690,240,"2,815",35,20,165,"3,890",30,775,"3,625",150,185,0,0,0,0,0,0,0,0,0,0,0,0,0,0,0,0,"1,145",0,360,415,295,0,730,0,"18,885","2,365","35,200","1,340",60,"1,415","1,805",675,"1,410",385,255,"2,985","3,180",0,0,0,0,0,0,675,"3,545",815,480,735,975,"182,475","2,387,000","1,880",..,75,290,0,45,5,30,75,30,..,..,..,..,0,535,125,75,25,685,..,665,"1,765",0,770
108 - North Tyneside,"2,680",..,220,220,325,290,75,15,10,20,885,130,20,95,10,35,25,20,155,190,315,"1,010",150,200,85,"1,170",360,220,400,815,40,45,150,"40,820","1,660",625,"1,195","8,860","3,205","1,240",30,"1,520",5,35,90,440,110,45,"4,715",665,235,0,0,0,0,0,0,0,0,0,0,0,0,0,0,0,0,0,0,"1,300",0,0,0,0,0,"10,385","1,285","29,145",270,0,"1,250",285,0,155,10,830,"3,875",..,..,..,..,..,..,..,..,..,..,..,..,180,"65,505","564,315",..,..,0,150,0,20,90,55,125,95,..,..,..,..,0,10,5,0,0,..,..,..,..,0,"1,130"
109 - South Tyneside,"4,850","9,135",605,210,245,355,165,20,5,0,"1,790",100,25,205,15,5,70,65,235,135,410,"1,130",280,20,250,"1,310",545,20,660,..,..,..,..,"43,680",..,670,..,..,..,..,..,"1,625",..,150,..,"3,285",145,..,"4,615","1,010",..,165,40,65,0,105,0,0,0,0,0,0,0,0,0,0,0,105,0,0,"1,675",0,0,0,0,"11,825","2,030","29,825",880,0,750,850,0,"2,435",980,0,"3,635",..,..,..,..,..,..,..,..,..,..,..,..,665,"128,005","555,070",..,..,305,120,0,0,0,0,175,50,0,0,35,20,5,305,115,60,5,..,..,..,..,45,210
110 - Sunderland,"3,810","6,510",545,265,475,475,160,130,95,15,"2,995",205,20,155,15,50,15,160,235,200,380,"1,335",235,0,355,"1,720",545,0,735,"1,155",40,30,155,"59,050","1,600","1,690",260,"7,555","3,235","1,660",130,"2,025",0,225,425,"1,595",35,45,"8,360",690,495,5,0,0,0,"1,245",0,0,45,335,0,0,0,0,0,0,0,0,0,0,0,0,0,0,0,"14,860","1,970","42,220",805,200,"1,025",865,0,730,155,"2,095","6,105","8,790",..,..,..,0,0,0,"1,080",..,..,..,..,770,"121,535","951,420",..,..,30,260,10,10,50,5,260,10,..,..,..,..,0,40,15,10,0,45,0,"2,170","17,230",0,0
111 - Hartlepool,"4,090","4,370",870,345,385,170,45,130,0,0,"1,725",25,25,135,10,0,35,50,135,130,300,520,165,0,105,640,325,0,400,465,10,30,30,"24,845",..,..,..,"7,235","3,635",100,90,580,..,..,..,"1,485",..,..,"1,595",..,..,0,0,0,0,"6,050",20,0,30,"1,170",0,0,0,0,0,0,0,380,0,0,470,35,0,0,0,"5,355",0,"19,490",105,0,475,630,0,855,145,0,"1,450",..,..,..,..,..,..,..,..,..,..,..,..,275,"24,955","306,295",..,..,25,170,15,0,0,0,105,0,..,..,..,..,0,95,25,20,5,30,0,540,"1,055",0,0
112 - Middlesbrough ,"4,990","4,190",670,900,575,215,790,10,55,40,620,250,45,170,80,65,50,230,210,230,455,785,215,0,235,"1,350",490,0,690,785,45,70,120,"41,090",650,"1,085","2,040","9,095","3,150","1,265",210,"2,205",115,60,410,"3,505",60,555,"5,975",225,130,0,0,0,0,"2,480",0,0,0,500,0,0,0,0,0,0,0,80,0,0,210,0,0,0,50,"8,255",850,"31,980",560,135,"1,510",875,540,"2,090",620,445,"4,910","1,690",0,"1,215","5,305",0,0,0,0,5,0,30,35,380,"13,505","450,010",150,70,190,10,10,25,65,0,145,85,15,10,5,0,0,15,5,0,0,20,0,195,350,0,0
113 - Redcar and Cleveland,"3,355","4,010",780,210,170,300,135,35,0,0,"1,155",135,15,145,20,15,40,80,130,210,390,800,175,0,155,"1,035",330,0,545,..,..,..,..,"40,030",..,..,..,..,..,..,..,"1,470",..,..,..,"2,925",..,..,"5,340",..,..,0,0,0,0,0,0,0,0,0,0,0,0,0,0,0,0,0,0,0,0,0,0,0,0,"8,720",0,"31,310",250,0,"1,220","1,250",0,"1,675","1,205",620,"3,515",105,..,..,..,..,..,..,..,..,..,..,..,475,"26,170","637,025",..,..,95,200,0,60,0,130,165,15,..,..,..,..,0,65,30,15,5,..,..,..,..,300,0
114 - Stockton on Tees,"4,770","5,120","1,255",290,960,480,80,110,0,25,"1,805",150,30,175,35,50,25,90,225,125,330,825,170,0,115,"1,085",475,0,445,..,..,..,..,"46,720",..,..,..,"11,215","4,765",445,115,"1,580",..,..,..,"1,995",..,..,"6,230",..,..,0,0,0,0,0,0,0,0,0,0,0,0,0,0,0,0,50,0,0,330,0,0,0,0,"11,100",505,"35,115",645,20,915,270,385,"1,340",220,570,"5,440",..,..,..,..,..,..,..,..,..,..,..,..,375,"46,350","528,555",..,..,165,0,25,5,55,0,145,75,..,..,..,..,0,5,0,0,0,5,..,..,..,0,0
116 - Durham,"13,965","15,370","2,040","2,280","2,110","1,090","2,425",40,115,0,"4,775",410,155,300,100,200,60,225,975,345,710,"3,285",785,0,495,"4,350","2,125",0,"1,200",..,..,..,..,"134,595",..,..,..,..,..,..,..,"5,475",..,..,..,"7,135",..,..,"16,470",..,..,985,0,0,0,"5,055",80,65,60,"1,195",30,100,50,0,0,0,0,0,0,0,0,0,0,0,0,"30,950","4,385","99,255","2,235",0,"3,240","2,065",0,"5,070","1,080",455,"14,930",..,..,..,..,..,..,..,..,..,..,..,..,"2,035","184,600","1,712,710",..,..,150,485,80,45,0,150,550,625,..,..,..,..,0,85,30,10,0,..,..,..,..,0,0
117 - Darlington,"2,775","2,010",370,195,175,205,80,130,10,15,"1,075",100,15,95,15,45,15,100,100,165,240,490,90,0,75,690,280,0,315,575,25,15,30,"30,510",515,"1,175",0,..,..,..,..,"1,250",40,55,0,"1,065",165,..,"2,300",95,..,0,0,0,0,0,0,0,0,0,0,0,0,0,0,0,0,50,0,0,0,0,0,0,0,"5,195",0,"25,315",455,0,795,380,0,685,10,140,"2,150",0,0,0,0,0,0,0,0,0,0,0,0,290,"59,080","579,395",390,0,15,80,0,15,0,45,65,40,5,0,20,0,0,0,0,0,0,25,0,0,0,0,0
204 - Barnsley,"4,160","3,725",240,"1,070",440,120,510,70,10,25,"1,255",125,30,65,5,80,10,140,185,115,255,995,195,0,110,"1,310",490,0,365,..,..,..,..,"45,640",..,..,..,..,..,..,..,950,..,..,..,"3,205",..,..,"4,825",..,..,0,0,0,0,0,0,0,0,0,0,0,0,0,0,0,0,0,0,0,0,0,0,0,0,"7,635",0,"38,005",495,0,455,365,0,"2,840",435,0,"4,390",..,..,..,..,..,..,..,..,..,..,..,..,695,"193,680","632,880",..,..,80,155,0,35,0,80,120,75,..,..,..,..,0,125,25,10,0,..,..,..,..,0,0
205 - Doncaster ,"5,735","4,515",615,"1,085",720,140,"1,235",85,0,5,"1,220",185,65,230,35,35,5,365,410,140,370,"1,475",525,0,95,"2,060","1,035",0,465,"1,170",55,15,115,"49,990",..,..,..,"15,440","3,060","1,345",105,"3,490",..,..,..,760,..,..,"8,895",..,..,"2,920",55,0,10,"13,220",75,0,195,"3,200",0,0,0,0,0,0,0,0,0,0,0,0,0,0,0,"9,685","7,745","32,560","1,325",920,"1,245",210,0,555,0,"1,275","7,620",..,..,..,..,..,..,..,..,..,..,..,..,700,"73,765","873,255",..,..,510,80,55,10,0,35,405,115,..,..,..,..,0,95,15,0,0,5,905,..,..,0,0
206 - Rotherham ,"6,810","6,140",845,"1,065",685,680,"1,285",40,20,5,"2,685",170,30,220,30,105,250,105,265,115,590,"1,165",225,0,280,"1,475",630,0,870,935,35,50,180,"51,785","1,945",910,"2,920","14,250","3,615",730,700,"1,795",0,40,15,"2,550",15,10,"9,150",795,5,340,0,0,0,"6,110",50,0,0,"1,535",0,0,25,40,0,0,0,0,0,0,0,0,0,0,0,"10,425","3,980","37,380",830,0,960,440,0,"2,105","1,665","1,405","6,085",..,..,..,..,..,..,..,..,..,..,..,..,570,"110,790","643,190",..,..,305,0,0,35,145,10,450,20,..,..,..,..,0,0,0,0,0,..,..,..,..,0,0
207 - Sheffield ,"6,520","4,485",370,"2,435",755,545,"1,405",240,5,40,"3,255",350,65,515,230,210,145,415,305,685,"1,360","3,040",225,0,780,"4,055",810,0,"2,145","1,620",85,185,285,"93,030",..,..,..,..,..,..,..,"4,005",..,..,..,"6,355",..,..,"13,615",..,..,0,0,0,0,905,0,0,0,595,10,0,65,0,0,0,0,0,0,0,0,0,0,0,0,"30,140",865,"62,025","2,125",0,"1,885","1,070",0,"5,285","1,770",0,"11,845",..,..,..,..,..,..,..,..,..,..,..,..,"1,285","454,065","1,723,900",..,..,65,250,35,30,0,200,315,80,..,..,..,..,0,60,25,30,20,..,..,..,..,0,0
209 - Bradford,"7,070","6,320",800,755,360,260,235,80,5,15,"2,485",345,150,150,70,175,65,500,745,205,380,"1,755",465,0,115,"2,685","1,310",0,540,"1,490",180,50,190,"87,740",..,145,"6,175","9,775","3,295","1,970",520,"6,095",..,10,560,"6,290",5,280,"16,615",15,300,220,0,0,0,"8,715",50,50,0,"2,115",100,0,50,0,0,0,0,0,0,0,0,0,0,0,0,"23,205","11,985","52,545","2,255",0,"3,840","2,350",0,"3,940","4,370",0,"12,245","14,610",935,"17,210","9,310",210,780,105,"5,305","5,475","1,050","1,370","1,575","1,140","255,385","1,055,255","1,630","4,975",300,210,150,0,0,175,0,745,..,55,110,..,5,650,120,100,25,895,"9,695","2,310","3,615",0,0
210 - Calderdale,"2,120","2,435",220,120,290,250,30,230,0,10,"1,610",65,40,210,5,225,10,145,235,115,280,910,300,70,200,"1,125",795,75,540,645,30,10,65,"34,495",..,715,325,"9,745","2,940",945,105,"1,505",..,190,130,525,..,60,"4,235",445,10,200,0,0,0,"5,210",0,5,0,330,30,0,0,0,0,0,0,0,0,0,0,0,0,0,0,"10,110","1,170","23,215","1,000",0,505,255,0,265,545,0,"3,690",..,..,..,..,..,..,..,..,..,..,..,..,380,"76,350","857,940",..,..,210,155,0,35,225,10,110,250,..,..,..,..,0,0,0,0,0,..,0,"1,265","2,010",440,0
211 - Kirklees,"10,740","10,390","1,070","1,450",520,305,195,30,5,10,"2,985",180,65,265,10,700,75,40,285,290,645,"1,540",340,0,310,"1,785","1,390",0,955,"1,095",65,55,220,"63,095",560,855,"1,750","15,185","4,590","2,310",625,"3,715",60,110,190,"2,785",0,65,"12,095",385,245,650,0,0,0,"11,045",210,0,260,"1,455",50,40,0,0,0,0,0,0,0,0,0,0,0,0,0,"15,915","3,925","43,255","1,355",85,"2,275",830,60,"1,895","1,025",780,"10,290",..,..,..,..,..,..,..,..,..,..,..,..,560,"110,900","838,990",960,..,170,425,35,95,210,995,235,170,..,..,..,..,0,0,0,0,0,0,"5,870",475,"4,800",0,0
212 - Leeds ,"10,270","13,210","1,885",580,"2,005","1,445",105,95,10,50,"5,855",370,210,430,95,140,60,685,815,230,740,"2,400","1,020",480,485,"3,580","2,210",510,"1,225","2,485",120,140,315,"135,425",690,"2,010","8,645","34,010","13,015","2,840",515,"6,210",30,75,435,"7,065",40,265,"17,130","1,280",525,0,0,0,0,0,0,0,0,0,0,0,0,0,0,0,0,0,0,0,0,0,0,0,0,"43,585","18,845","72,990","2,895",5,"3,310","3,205",0,"3,865",775,"1,030","15,325",..,95,100,"12,085","5,425",610,145,"3,070","2,330",125,300,"23,685","1,550","583,595","1,983,395",..,..,950,80,190,10,125,20,745,205,..,..,..,..,0,345,50,45,5,..,..,..,..,0,"2,580"
213 - Wakefield ,"7,395","5,400",840,630,850,200,35,50,0,130,"1,940",..,25,..,15,0,20,200,310,140,395,"1,445",155,0,330,"1,775",490,0,720,960,60,35,175,"61,090",..,..,..,..,..,..,..,"3,505",..,..,..,"1,835",..,..,"9,735",..,..,0,0,0,0,0,0,0,0,0,0,0,0,0,0,0,0,0,0,0,0,0,0,0,0,"10,645","4,325","46,115",710,0,"2,795",110,0,"1,725",0,0,"9,735",..,..,..,..,..,..,..,..,..,..,..,..,715,"446,795","1,282,860",..,..,155,40,5,20,0,0,215,115,..,..,..,..,0,320,100,35,10,25,"5,320",..,..,0,0
214 - East Riding of Yorkshire,"5,750","3,650",405,"1,545",735,640,170,40,25,0,"3,080",145,25,235,40,10,65,190,290,230,525,"1,380",225,0,215,"1,755",550,0,740,..,..,..,..,"84,655",..,..,..,..,..,..,..,"3,100",..,..,..,"4,075",..,..,"15,460",..,..,575,0,0,20,"16,045",140,85,0,"1,675",0,0,5,185,0,0,240,"3,240",155,145,485,"6,345",795,275,150,"8,460","2,945","73,250",950,0,"2,150",390,0,"3,690",770,"1,380","13,315",..,..,..,..,..,..,..,..,..,..,..,..,780,"67,385","938,195",..,..,310,130,65,5,10,5,410,45,..,..,..,..,0,950,445,305,90,..,..,..,..,..,..
215 - Kingston upon Hull,"7,010","7,500","1,780",300,660,780,145,50,85,45,"2,080",130,50,260,30,5,25,65,215,155,440,"1,130",150,160,155,"1,370",420,175,600,"1,300",75,130,185,"70,910","1,320","1,385","3,025","12,755",260,"1,865",5,"3,710",120,175,370,"6,415",75,115,"9,325",675,235,0,0,0,0,"2,260",0,0,50,50,0,0,0,820,5,0,215,"6,795",225,55,640,"4,795",650,55,265,"3,065","3,185","64,660","1,090",225,"2,395",335,0,"6,080",140,"1,655","7,525",..,..,..,..,..,..,..,..,..,..,..,..,520,"134,315","919,230",..,..,150,15,40,20,0,0,90,175,..,..,..,..,0,480,150,75,15,30,..,..,..,0,880
216 - North East Lincolnshire ,"1,975","3,075",280,40,260,125,15,10,0,15,420,125,10,100,25,0,35,155,120,95,230,"1,095",140,230,70,"1,405",270,260,300,..,..,..,..,"34,340",..,..,..,..,..,..,..,"1,315",..,..,..,"1,550",..,..,"4,260",..,..,0,0,0,0,0,0,0,0,0,0,0,0,0,0,0,0,0,0,0,0,0,0,0,0,"1,855",0,"32,485",105,0,"1,210",210,0,"1,340",735,0,"3,525",..,..,..,..,..,..,..,..,..,..,..,..,535,0,"492,555",..,..,185,10,10,0,0,0,150,5,..,..,..,..,0,275,85,50,15,..,..,..,..,0,"1,260"
217 - North Lincolnshire,"2,990","3,230",490,"1,570",400,175,750,20,0,0,"1,150",70,10,120,0,0,0,40,85,160,280,455,125,90,190,565,230,95,470,..,..,..,..,"40,525",..,..,..,..,..,..,..,"1,145",..,..,..,"2,720",..,..,"3,710",..,..,75,0,0,0,860,50,0,0,5,0,0,0,5,0,0,0,55,110,0,225,105,50,0,0,"4,040","1,740","34,745",80,60,"1,005","1,090",0,"1,625",275,0,"3,435",..,..,..,..,..,..,..,..,..,..,..,..,285,"34,475","386,915",..,..,155,10,10,5,0,0,105,0,..,..,..,..,0,250,110,80,30,..,..,..,..,0,545
218 - North Yorkshire ,"15,780","11,240","1,795","1,370","1,355",690,30,75,5,20,"4,960",340,110,310,80,85,50,630,600,195,560,"2,650",620,50,240,"3,710","1,420",65,800,"1,555",100,75,265,"106,630","1,190","1,755","5,480",0,0,0,0,"5,020",0,135,475,"3,330",20,185,"15,910","2,160",35,"3,005",0,0,0,"5,135",0,45,0,"3,240",0,0,155,0,0,0,0,0,0,0,0,0,0,0,0,"40,015","19,735","46,880","2,470",0,"2,550",375,0,"2,955",165,"1,725","14,025",0,"1,500",640,"16,825",0,10,0,"3,950","11,940","2,115","1,455","1,410","1,515","513,925","1,492,345","3,510",10,270,495,10,75,0,60,50,435,..,..,..,..,0,565,170,105,55,900,"8,540","1,375","2,325",0,0
219 - York,"5,875","4,470",670,230,450,310,55,30,5,20,"1,190",125,35,120,10,30,10,125,235,115,255,705,25,0,65,970,330,10,320,570,20,35,65,"29,920",0,"1,195",0,"3,250","2,250",810,50,"1,055",5,115,0,"2,045",10,0,"4,125",290,0,"2,700",0,0,0,"1,360",10,0,0,"1,100",25,0,0,0,0,0,0,0,0,0,0,0,0,0,0,"12,720","7,675","9,525",665,10,380,195,30,"1,820",360,220,"3,540","3,205",865,0,"5,585",15,0,0,140,5,5,0,65,485,"44,230","407,630",165,0,10,35,10,30,40,5,80,170,0,5,100,100,0,265,85,85,15,0,0,"1,005","1,715",15,0
304 - Bolton,"5,190","5,285",680,"1,645",700,205,380,85,15,20,"1,455",105,35,240,175,0,45,170,170,190,480,755,240,475,415,"1,215",440,475,895,..,..,..,..,"45,880",..,..,..,..,..,..,..,955,..,..,..,"2,600",..,..,"3,295",..,..,45,0,0,0,100,0,0,0,0,0,0,0,0,0,0,0,0,0,0,0,0,0,0,0,"5,860","4,520","35,495",255,45,660,940,310,"1,350",110,210,"2,975",..,..,..,..,..,..,..,..,..,..,..,..,455,"92,455","338,795",..,..,270,5,30,0,0,0,150,20,..,..,..,..,0,110,25,50,30,..,..,..,..,0,"2,605"
305 - Bury,"3,895","3,905",415,"1,585",425,560,35,65,0,105,"2,305",20,30,270,0,5,25,160,140,120,450,70,320,0,750,255,500,0,"1,195",..,..,..,..,"31,615",..,..,..,..,..,..,..,"1,885",..,..,..,"3,600",..,..,"3,400",..,..,"2,045",0,0,0,0,0,0,0,0,0,0,0,0,0,0,0,0,0,0,0,0,0,0,0,"4,635","1,660","25,325",410,0,"1,475",530,0,"3,070",50,0,"3,345",..,..,..,..,..,..,..,..,..,..,..,..,195,"50,495","353,190",..,..,285,5,15,10,120,0,95,15,..,..,..,..,0,280,130,135,30,..,..,..,0,0,"1,570"
306 - Manchester,"5,625","3,455",615,735,700,"1,410","1,585",150,640,0,"5,160",260,40,215,435,175,35,365,295,130,380,"1,570",235,0,210,"2,635",750,0,585,"1,355",95,175,90,"74,545",..,..,..,"14,780","5,180","1,015",160,"2,820",..,..,..,"9,355",..,..,"4,835",..,..,0,0,0,0,"2,455",40,0,0,880,0,30,0,0,0,0,0,0,0,0,0,0,0,0,0,"21,535",0,"53,010","1,090",0,"1,725","2,475",0,"6,880",255,925,"3,655",..,..,..,..,..,..,..,..,..,..,..,..,"1,175","567,705","2,799,135",..,..,135,95,35,5,0,175,225,70,..,..,..,..,5,"3,060",690,435,85,..,..,..,..,0,860
307 - Oldham,"3,040","4,165",340,60,190,315,45,25,0,5,"1,370",195,55,280,20,75,80,60,40,255,615,935,245,805,160,"1,140",370,805,775,825,15,30,15,"47,800",0,240,"7,435","17,230","2,845",350,50,"1,410",0,0,420,"2,515",75,455,"1,120",10,105,200,0,0,0,"1,800",0,0,0,300,0,0,0,0,0,0,0,0,0,0,0,0,0,0,0,"6,695","1,500","39,605",385,40,990,450,0,"2,065",120,235,765,"14,815",0,600,"3,000",470,50,415,"2,515",155,120,115,205,470,0,"648,855",790,0,155,90,50,5,485,25,25,15,0,45,35,0,5,605,140,110,110,975,0,"1,630","3,275",805,0
308 - Rochdale,"5,625","5,460",825,830,380,525,160,35,5,5,"1,710",160,5,105,45,0,10,135,265,75,165,995,80,0,75,"1,495",300,0,265,775,50,70,70,"41,275","2,530",110,505,110,150,0,180,"2,465",50,20,35,"3,520",5,0,"4,500",470,0,0,0,0,0,0,0,0,0,0,0,0,0,0,0,0,0,0,0,0,0,0,0,0,0,"7,495","2,060","31,720","1,490",0,980,510,0,"3,005",490,260,"3,750",0,20,0,"14,095",0,0,0,0,0,0,0,0,370,"47,430","583,790","1,310",0,265,20,10,0,0,0,190,190,..,..,..,..,0,145,40,10,0,75,"4,030",440,"1,265",0,0
309 - Salford ,"5,800","6,430","1,460",355,690,310,455,35,15,65,"1,685",150,30,145,385,30,50,340,260,115,335,"1,120",205,85,180,"2,040",495,95,515,805,45,65,55,"42,830","3,245","3,345","1,915","17,105","3,595",735,85,"2,570",0,400,90,"3,655",110,30,"2,740",485,45,0,0,0,0,"5,145",20,120,0,"1,080",105,0,0,0,0,0,0,0,0,0,0,0,0,0,0,"8,670","1,180","32,980",650,0,"1,920",930,0,"2,725",760,475,"1,505","12,365","2,110","4,835","12,325",95,10,50,"1,875",80,65,355,70,615,"313,925","1,373,395","1,070",0,175,65,15,20,30,0,245,30,0,200,40,0,0,655,115,50,10,835,0,"1,015","3,265",245,325
310 - Stockport ,"5,840","8,410",895,"1,050",605,355,555,45,0,10,"2,180",210,50,205,180,150,315,335,290,140,670,"1,590",155,465,265,"2,335",650,500,935,970,40,40,130,"57,225","2,060",800,"4,045","9,035","3,860",495,80,"2,065",15,35,290,"2,065",0,160,"4,305",405,350,0,0,0,0,950,0,0,0,595,0,0,0,0,0,0,0,0,0,0,0,0,0,0,0,"15,085",0,"42,140",680,0,"1,385",490,0,"1,575",180,0,"4,130","11,000","1,305","3,555","11,300",15,155,0,"1,730",70,35,330,110,925,"298,195","900,140","2,425",0,0,155,0,50,0,150,60,230,0,185,160,0,0,165,60,60,30,275,"4,810",445,695,"1,520",0
311 - Tameside,"5,060","7,340",875,145,370,"1,000",470,120,0,45,"3,935",115,20,120,140,5,20,190,185,105,245,945,325,70,155,"1,390",535,75,400,765,25,50,5,"42,505",0,..,..,..,..,..,..,"1,650",..,..,..,"2,290",..,..,"1,210",..,..,0,0,0,0,0,0,0,0,0,0,0,0,0,0,0,0,0,0,0,0,0,0,0,0,"7,130","35,365",15,760,885,5,"1,090",365,830,295,315,605,..,..,..,..,..,..,..,..,"4,030","1,195",230,480,655,"8,440","503,365",..,..,0,180,65,0,60,190,100,45,70,..,60,170,0,95,195,110,35,430,"3,455",..,..,"1,380",0
312 - Trafford,"5,575","8,705","1,040",935,495,250,205,20,120,170,"1,445",110,5,145,75,0,20,40,45,190,380,895,155,55,180,"1,125",205,60,565,..,..,..,..,"36,525",..,..,..,..,..,..,..,"1,320",..,..,..,"1,700",..,..,"4,170",..,..,65,0,0,0,0,0,0,0,0,0,0,0,0,0,0,0,0,0,0,0,0,0,0,0,"15,040","1,880","19,610",520,0,800,20,0,"1,680",250,0,"3,920",..,..,..,..,..,..,..,..,..,..,..,..,465,"87,160","657,415",..,..,45,75,5,0,0,0,10,30,..,..,..,..,5,870,300,205,60,..,..,..,..,305,0
313 - Wigan ,"5,155","5,655","1,180",245,470,630,150,65,15,30,"2,185",165,80,210,105,130,25,295,365,185,425,"1,225",330,65,175,"1,780",905,70,600,..,..,..,..,"56,845",..,..,..,..,..,..,..,"2,040",..,..,..,"2,515",..,..,"2,965",..,..,365,15,5,0,"1,205",0,0,0,660,0,20,0,0,0,0,0,0,0,0,0,0,0,0,0,"14,670","1,415","40,755",800,475,765,"1,230",10,"1,275",290,"1,555","1,120",..,..,..,..,..,..,..,..,..,..,..,..,670,"457,185","1,982,455",..,..,330,30,70,10,5,95,275,175,..,..,..,..,0,535,220,115,15,45,..,..,..,70,0
315 - Knowsley,"3,360","5,895","1,145",290,580,460,125,50,50,5,"1,675",140,35,150,45,115,10,280,285,165,325,855,130,0,175,"1,330",565,0,500,650,40,45,70,"34,660",..,..,..,..,..,..,..,"2,075",..,..,..,"2,220",..,..,"3,660",..,..,0,0,0,0,"1,715",0,0,0,715,0,0,0,0,0,0,0,585,5,0,75,"5,340",375,155,380,"11,270",0,"23,390",680,0,"1,395","1,165",0,"1,055",445,345,"2,870",..,..,..,..,..,..,..,..,..,..,..,..,765,"209,205","1,706,625",..,..,155,65,20,5,0,195,155,160,..,..,..,..,0,75,15,5,0,..,..,..,..,0,0
316 - Liverpool ,"11,310","14,990","1,390",890,900,"1,150",260,205,90,100,"5,080",250,55,265,30,510,85,40,440,315,670,"2,100",445,85,390,"2,440","1,455",95,"1,060","1,855",150,130,160,"89,695",0,0,0,0,0,0,0,"4,855",0,0,0,"5,835",0,0,"6,055",0,0,0,0,0,0,0,0,0,0,0,0,0,0,0,0,0,0,0,0,0,0,0,0,0,0,"27,305",0,"62,390","1,950",0,"2,905","2,985",0,"2,850","1,195",0,"4,865",0,0,0,0,0,0,0,0,0,0,0,0,510,0,"1,016,370","1,395",0,290,165,45,15,135,430,315,135,0,0,0,0,0,330,75,40,35,0,0,0,0,"2,220",0
317 - Sefton,"5,390","4,375",800,450,600,485,45,5,10,15,"2,135",145,100,225,25,10,40,20,315,205,475,"1,040",420,315,405,"1,240",840,335,880,"1,585",110,80,100,"79,660",410,"1,340","3,375","16,420","8,390","2,655",365,"5,570",0,100,420,"4,010",50,20,"5,675",585,120,0,0,0,0,0,0,0,0,0,0,0,0,0,0,0,0,0,0,0,0,0,0,0,0,"27,600",0,"52,065","3,215",0,"2,360","2,710",0,"1,300",735,0,"4,935",0,25,100,305,0,0,0,0,15,20,25,75,995,0,"755,070",840,0,0,390,0,70,0,5,0,305,0,0,0,0,0,20,15,65,50,95,0,340,"1,570","1,525",0
318 - St Helens ,"6,720","4,985","1,210",70,435,670,35,80,5,5,"2,130",140,20,175,20,40,10,75,190,210,360,"1,185",225,0,230,"1,420",435,0,590,655,40,55,40,"38,315","8,175","3,305",..,..,..,220,255,"2,415",..,..,..,"2,915",200,..,"1,920",720,..,0,0,0,0,0,0,0,0,880,50,15,0,0,0,0,0,0,0,0,0,0,0,0,0,"14,505","2,005","21,805","1,075",0,"1,340",790,0,"2,125",325,0,"1,600","5,955",105,295,"7,280",0,0,0,"1,000",..,..,..,..,465,0,"659,785",..,..,315,0,5,0,40,0,145,40,..,..,..,..,0,0,0,0,0,0,..,..,..,0,0
319 - Wirral,"8,000","10,245","1,085","1,520",710,355,135,30,10,30,"2,385",200,50,190,35,160,20,75,315,155,390,"1,310",250,315,140,"1,625",790,345,535,"1,390",75,120,175,"65,435",0,680,"7,330","9,785","5,465","1,805",535,"3,135",25,95,600,"6,315",85,355,"11,190",675,160,0,20,0,5,"8,165",50,0,15,"4,055",80,60,0,0,0,0,0,0,0,0,0,0,0,0,0,"25,815",395,"39,225","1,480",260,"1,395",590,385,"5,335",635,"1,170","9,385",..,"1,950","5,930","16,000",210,155,0,"1,035",300,100,"1,070",30,995,0,"884,850","1,600",0,50,245,55,15,190,10,405,50,30,135,205,0,0,435,110,65,30,300,"1,375","2,035","5,525","1,865",0
321 - Halton,"3,910","3,800",415,290,270,165,30,110,0,5,"1,030",75,20,95,70,35,15,90,130,140,260,630,90,195,45,865,275,210,300,..,..,..,..,"20,520",..,..,..,..,..,..,..,565,..,..,..,"1,520",..,..,"2,715",..,..,170,0,0,0,"3,270",80,0,10,590,0,0,0,0,0,0,0,0,0,0,0,0,0,0,0,"4,345","1,200","14,980",215,10,340,280,0,"1,240","1,395",220,"1,100",..,..,..,..,..,..,..,..,..,..,..,..,385,"112,740","508,845",..,..,185,5,30,0,5,30,150,20,..,..,..,..,0,505,145,55,10,715,..,..,..,0,"1,460"
322 - Warrington,"2,725","3,685",260,170,195,220,435,30,35,20,"1,400",145,40,125,85,10,10,200,165,90,230,870,345,95,70,"1,320",560,110,300,..,..,..,..,"38,155",..,..,..,..,..,..,..,"1,055",..,..,..,"1,900",..,..,"3,545",..,..,325,0,0,0,"6,165",35,35,0,"4,035",50,0,0,0,0,0,0,0,0,0,0,0,0,0,0,"17,175","1,525","19,455",420,0,635,445,0,"1,450","1,075",400,"2,070",..,..,..,..,..,..,..,..,..,..,..,..,530,"77,895","1,126,525",..,..,125,45,20,10,5,0,125,70,..,..,..,..,5,20,0,5,0,..,..,..,..,0,345
323 - Lancashire,"17,310","15,635","1,520","3,135","1,255",580,125,160,300,100,"5,775",745,140,680,270,15,60,945,645,455,"1,290","5,005",990,220,510,"7,010","1,825",245,"1,800","4,755",180,340,275,"256,615","3,980","4,370","8,975","37,765","13,965","3,455",370,"15,000",175,275,"1,405","17,995",35,"1,005","15,795","1,145",565,0,0,0,0,0,0,0,0,0,0,0,0,0,0,0,0,0,0,0,0,0,0,0,0,"54,790","23,150","178,675","5,410",270,"9,320","3,645",0,"14,350",375,"1,070","14,350",..,..,..,..,"1,375",170,0,"6,955",..,..,..,..,"3,955","32,000","5,725,720","4,050",..,630,410,95,45,0,15,485,300,..,..,..,..,5,410,180,150,100,..,"4,730",205,840,"1,710",0
324 - Blackburn with Darwen ,"2,495","2,820",420,515,385,170,485,35,15,30,965,115,15,65,125,0,10,170,70,90,170,595,120,115,80,"1,015",230,130,245,575,35,45,30,"31,075",365,220,"2,870","6,690","1,890",310,0,"2,265",15,15,315,"2,510",0,85,"1,335",140,70,555,0,0,0,0,0,0,0,0,0,0,0,0,0,0,0,0,0,0,0,0,0,0,0,"3,910","3,660","23,510",500,50,"1,720",485,0,"2,025",0,135,"1,200","5,670",360,"1,600","6,655",315,0,0,670,0,0,0,0,510,0,0,560,0,35,90,10,5,0,0,60,10,0,0,0,0,0,0,0,0,0,0,550,420,385,860,0
325 - Blackpool ,"2,225","2,625",130,165,175,85,95,25,10,35,950,90,15,40,35,100,10,90,120,25,80,960,240,0,80,"1,195",480,5,155,725,25,45,55,"42,730","1,185",880,"1,835","14,110","2,135",665,105,810,..,30,240,"3,375",120,180,"2,940",185,175,0,0,0,0,0,0,0,0,0,0,0,0,0,0,0,0,0,0,0,0,0,0,0,0,"6,305","1,400","35,020",295,0,515,265,345,"2,765",10,185,"2,745",..,..,..,..,60,10,0,580,5,0,55,0,515,"56,995","398,835",..,..,115,125,0,15,0,100,80,40,..,..,..,..,0,15,5,0,0,10,..,..,..,85,0
326 - Cheshire East ,"6,255","6,990",750,"1,135",885,455,535,90,90,25,"3,840",70,25,215,75,10,165,320,325,270,670,590,165,0,635,"1,060",525,0,"1,305","1,345",40,65,105,"72,750",860,0,"9,045","21,860","19,645",675,210,"1,895",25,0,515,"3,610",0,805,"6,545",0,920,495,5,0,0,765,0,0,30,845,0,40,0,0,0,0,0,0,0,0,0,0,0,0,0,"34,960","2,855","34,930","1,285",225,380,"1,400",115,"2,095",865,665,"5,015","6,585",..,..,..,0,0,25,335,115,25,25,60,710,"101,810","1,083,260","1,250",0,205,5,25,5,15,0,290,50,..,..,..,..,0,0,0,0,0,0,"1,180",430,605,95,0
327 - Cheshire West and Chester ,"5,810","6,355","2,670",65,625,355,205,55,0,5,"2,505",120,15,270,215,245,90,410,355,165,525,"1,020",295,120,430,"1,770",910,125,960,"2,815",60,125,265,"66,895",995,0,0,"18,840","16,595",445,255,"3,055",35,0,0,"2,775",0,0,"8,400",0,0,30,0,0,0,135,0,0,0,95,0,5,0,0,0,0,0,0,0,0,0,155,0,0,0,"31,025","3,885","31,985","1,575",115,"1,365","1,485",0,"1,285",450,580,"7,370","12,695",0,0,0,505,0,0,"4,615",0,0,0,0,720,"281,850","1,098,280","1,570",0,295,105,10,15,235,5,300,70,0,0,0,0,0,40,15,15,5,15,"1,145",280,130,"1,120",0
404 - Warwickshire,"7,370","18,495","2,470",145,"1,920",895,120,145,0,5,"4,345",300,45,425,30,5,55,480,360,175,650,"2,115",400,50,365,"2,925",805,60,"1,015","1,570",60,65,270,"83,370",0,"1,045","1,370","26,930","1,325","2,340",0,"2,985",0,130,170,"3,110",5,45,"15,210","1,005",195,0,0,0,0,"1,130",60,0,40,405,45,0,0,0,0,0,0,0,0,0,0,0,0,0,0,"21,345","9,575","52,445",510,25,"2,455","1,140",0,"1,970",0,0,"15,210","1,700",..,..,..,0,0,0,0,"5,575","1,770",175,"1,375","1,255","131,395","2,817,740","1,830","2,030",150,295,10,25,0,0,240,150,0,0,60,335,0,25,5,5,10,0,"3,240",375,25,"2,700",0
406 - Birmingham,"15,095","21,230","3,125","4,340","3,050","2,780","1,490",470,180,85,"10,135",515,150,465,115,10,55,455,575,405,930,"4,255",455,0,485,"5,360","1,195",0,"1,415",..,..,..,..,"156,600",..,..,..,..,..,..,..,"9,505",..,..,..,"12,105",..,..,"45,200",..,..,820,0,0,0,"11,400",105,775,50,"9,790",75,20,0,0,0,0,0,0,0,0,0,0,0,0,0,"65,470","7,985","83,145","4,710",95,"4,700","3,390",0,"8,715","2,440","1,200","41,560",..,..,..,..,..,..,..,..,..,..,..,..,"2,905","504,845","5,107,160",..,..,315,140,70,85,5,10,430,220,..,..,..,..,5,"1,605",360,170,30,..,..,..,..,"3,165",0
407 - Coventry,"5,110","3,500",585,530,490,795,575,70,0,10,"3,200",120,15,160,65,155,35,220,180,135,325,"1,395",230,70,200,"1,800",580,80,525,..,..,..,..,"44,555",..,..,..,..,..,..,..,660,..,..,..,"2,240",..,..,"8,130",..,..,0,0,0,0,0,0,0,0,0,0,0,0,0,0,0,0,0,0,0,0,0,0,0,0,"9,145","3,155","32,260",115,0,545,510,0,"1,730",215,700,"7,220",..,..,..,..,..,..,..,..,..,..,..,..,840,"243,995","1,557,350",..,..,150,110,0,0,170,5,170,15,..,..,..,..,0,395,110,90,45,..,..,..,..,760,0
408 - Dudley,"3,865","5,240",280,35,395,280,40,160,0,25,"3,175",75,35,160,25,..,20,215,125,280,460,"1,505",160,0,245,"1,865",330,0,705,"1,070",40,65,170,"59,230","1,315","2,325",0,"7,020","2,390","2,605",155,"2,370",135,50,0,"2,495",0,0,"8,965",180,0,310,0,0,0,0,0,0,0,0,0,0,0,0,0,0,0,0,0,0,0,0,0,0,0,"13,870","3,610","41,750","1,255",0,"1,115",935,0,"1,560",365,0,"8,605",..,..,..,..,..,..,..,..,..,..,..,..,735,"213,135","1,415,660",..,..,205,55,45,10,..,..,80,80,..,..,..,..,0,295,65,25,10,..,..,..,..,0,0
409 - Sandwell,"4,250","3,380",255,80,435,125,80,55,0,5,"1,275",130,40,180,35,15,20,245,290,90,300,"1,080",230,100,415,"1,490",580,105,715,"1,345",50,65,175,"60,740","1,715","1,680","4,775","6,705","3,305","1,720",685,"3,030",60,30,570,"2,940",0,65,"9,010",325,485,0,0,0,0,0,0,0,0,0,0,0,0,0,0,0,0,0,0,0,0,0,0,0,0,"25,525",755,"34,465","1,615",0,"1,415",975,0,"1,965","1,555",0,"7,460","11,265",415,..,"8,280",30,0,0,560,..,..,..,..,540,"150,070","1,520,540","1,850",..,90,145,10,30,105,50,145,195,..,..,..,..,0,755,185,120,35,..,..,865,"1,895",240,570
410 - Solihull,"2,795","4,245",315,155,275,210,80,60,5,5,"1,630",100,45,110,40,135,15,120,150,105,230,995,300,0,135,"1,260",635,0,365,540,15,30,155,"27,700",705,555,55,"7,560","2,705","1,770",0,975,5,60,0,"1,200",0,0,"8,180",200,0,75,0,0,0,625,0,0,50,315,0,0,0,0,0,0,0,0,0,0,0,0,0,0,0,"9,220","1,080","17,400",540,0,440,105,0,"1,095",235,"1,960","5,985","1,610",0,20,0,0,0,0,0,0,0,0,0,405,"59,590","746,450",815,0,125,175,25,5,0,0,165,30,0,0,150,0,0,125,45,25,10,0,0,380,"1,565",0,0
411 - Walsall ,"2,180","2,465",330,20,385,500,15,65,0,10,"1,960",175,85,110,15,5,30,225,235,75,215,740,140,0,225,870,400,0,440,645,10,50,115,"38,150",..,..,..,..,..,..,..,750,..,..,..,"2,935",..,..,"6,330",..,..,0,0,0,0,270,0,0,5,50,0,0,0,0,0,0,0,0,0,0,0,0,0,0,0,"13,485",0,"24,665",375,0,370,"1,485",0,"1,450",180,0,"6,150",..,..,..,..,..,..,..,..,..,..,..,..,485,"24,510","787,845",..,..,30,360,0,85,0,20,705,75,..,..,..,..,0,185,45,20,15,..,..,..,..,0,0
412 - Wolverhampton ,"2,485","1,760",330,145,225,325,435,90,10,40,"1,890",145,80,150,40,10,30,165,215,80,265,855,360,0,235,"1,215",665,0,500,895,55,55,170,"47,055","2,030","2,400","5,010","15,975","3,495",0,0,"2,785",5,20,230,"4,645",15,150,"10,250",0,605,140,0,0,0,665,0,0,0,250,0,0,0,0,0,0,0,0,0,0,0,20,0,0,5,"10,210","6,885","29,960",..,"1,395",..,"3,305",0,"1,335","1,675","1,015","7,565",0,0,0,0,50,0,0,120,0,0,0,0,930,"47,205","928,090",285,"1,855",150,275,55,35,0,5,235,60,..,..,5,..,0,80,30,25,5,110,..,..,..,0,0
413 - Staffordshire ,"14,970","13,845","1,580","1,055","1,190","1,135",945,130,140,330,"7,740",415,75,610,35,100,165,360,560,425,"1,205","3,615",725,845,890,"4,435","1,465",905,"2,095",..,..,..,..,"124,625",..,..,..,..,..,..,..,"3,400",..,..,..,"6,360",..,..,"27,420",..,..,"1,145",0,0,45,"10,815",45,0,115,"6,180",20,0,0,0,0,0,0,0,0,0,0,0,0,0,0,"45,795","7,760","71,075","1,320",230,"1,850","3,145",25,"3,190","1,605","3,845","21,970",..,..,..,..,..,..,..,..,..,..,..,..,"2,035","226,235","2,226,040",..,..,580,565,75,30,15,85,490,165,..,..,..,..,0,130,60,15,10,..,..,..,..,"4,340",0
414 - Stoke on Trent,"5,085","3,135",495,"1,030",380,635,"1,170",130,20,40,"2,320",115,35,130,15,5,25,120,220,95,250,"1,215",240,345,130,"1,470",505,370,380,..,..,..,..,"56,100","1,555",..,..,"1,880",..,0,..,"3,110",..,..,..,"2,315",..,..,"13,220",..,..,265,0,0,0,430,0,0,0,150,0,0,0,0,0,0,75,0,0,"1,025",155,50,0,"1,100",0,"20,770","3,750","31,580","1,050",0,"2,060",610,0,"1,705",795,245,"12,180","4,350",..,..,..,0,0,0,50,..,..,..,..,405,"76,785","1,168,545",..,..,90,105,10,15,0,0,140,30,..,..,..,..,0,310,115,55,25,..,..,960,"1,910","1,200",0
415 - Herefordshire ,"1,140",900,120,10,110,120,85,40,0,15,850,135,40,115,25,20,30,130,240,105,250,715,305,170,85,"1,005",615,185,335,540,20,30,125,"34,890",..,..,..,..,..,..,..,"1,530",..,..,..,"2,095",..,..,"6,130",..,..,0,0,0,0,0,0,0,0,0,0,0,0,0,0,0,0,0,0,0,0,0,0,0,0,"13,445",0,"21,445",380,0,"1,150",340,0,"1,755",110,0,"6,020",..,..,..,..,..,..,..,..,..,..,..,..,460,0,"1,019,505",..,..,0,235,0,35,0,20,0,195,..,..,..,..,0,40,15,10,0,..,..,..,..,"1,850",0
416 - Worcestershire,"7,155","10,915","1,625",615,"1,995",570,790,100,15,75,"4,230",305,55,305,70,15,55,320,385,275,650,"1,735",270,315,300,"2,440",725,330,950,"1,685",65,70,360,"96,535","2,660","4,265",..,"14,650","7,430","2,950",750,"3,320",100,170,..,"3,695",80,..,"20,710",655,..,0,0,0,0,0,0,0,0,0,0,0,0,0,0,0,0,0,0,0,0,0,0,0,0,"38,595","2,860","55,075","1,525",0,"1,795","1,220",0,"2,475","1,630","1,620","17,460","5,670",..,"1,955","10,760",885,395,450,"3,610",0,385,335,0,"1,020","118,510","1,844,910",..,..,60,235,0,60,0,0,245,125,25,170,185,..,0,665,270,145,30,..,..,"1,360",..,"2,020",0
417 - Shropshire,"4,235","3,105",375,210,510,185,440,40,60,0,"1,705",105,35,205,45,10,55,205,305,155,425,745,175,225,345,"1,110",525,245,770,"1,220",40,45,160,"67,210",0,0,"3,435","2,840","1,220","1,970",210,"2,300",0,0,320,"2,410",0,495,"8,440",0,775,0,0,0,0,0,0,0,0,0,0,0,0,0,0,0,0,290,105,55,985,50,0,0,0,"26,995",320,"39,900","1,195",0,"1,105",430,0,"1,980",165,"1,140","7,135",..,..,..,..,..,..,..,..,..,..,..,..,505,"114,405","1,078,335",..,..,105,75,5,35,0,10,345,15,..,..,..,..,0,0,0,0,0,0,..,..,..,270,0
418 - Telford and the Wrekin,"2,450","2,940",655,320,220,580,455,45,0,0,"2,285",160,60,100,30,15,20,80,200,55,170,810,170,80,75,"1,075",440,85,245,540,35,30,90,"29,990",..,"2,345",..,290,50,470,155,"1,505",..,210,..,"2,085",50,..,"6,865",330,..,0,0,0,0,0,0,0,0,0,0,0,0,0,0,0,0,0,0,0,0,0,0,0,0,"14,945",105,"14,940","1,195",0,310,180,0,"1,900",290,"1,235","5,340",..,..,..,..,..,..,..,..,..,..,..,..,515,"78,250","685,840",..,..,0,180,5,50,0,5,150,15,..,..,..,..,0,5,0,0,0,..,"1,115",..,..,200,640
503 - Lincolnshire,"11,415","11,570","1,210",975,"1,375","1,605",520,260,0,125,"7,945",430,85,475,0,0,125,485,325,375,"1,000","2,955",250,0,515,"3,885",660,0,"1,515","3,210",155,140,490,"164,115",..,"7,610","17,090","7,810","3,365","3,450",975,"7,480",..,990,"1,010","6,030",0,210,"26,100","3,560",605,0,0,0,0,0,0,0,0,0,0,0,0,0,0,0,0,0,0,0,0,0,0,0,0,"41,385",0,"122,730","2,825",0,"4,660","1,410",0,"4,620","3,415",0,"22,680",..,..,..,..,520,115,290,"1,810",..,..,..,..,"1,455","137,105","1,539,455","3,035",..,55,320,75,25,0,0,345,100,0,0,40,0,0,"2,015",880,645,170,..,0,"1,520","3,270",0,0
504 - Northamptonshire,"7,925","8,640",700,910,"1,075","1,280",675,245,5,45,"6,350",260,130,455,960,100,120,320,450,695,"1,270","1,910",325,335,385,"3,455","1,005",350,"1,655",..,..,..,..,"119,400",..,..,..,..,..,..,..,"4,795",..,..,..,"8,860",..,..,"19,130",..,..,0,0,0,0,535,0,0,0,50,0,0,0,0,0,0,0,0,0,0,0,0,0,0,0,"28,705",0,"90,695","1,255",0,"3,540","4,520",0,"4,340",445,0,"18,685",..,..,..,..,..,..,..,..,..,..,..,..,"1,060",0,"2,035,650",..,..,0,350,0,130,0,90,0,555,..,..,..,..,0,0,0,0,0,..,..,..,..,100,"2,040"
506 - Derbyshire,"10,185","15,935","1,005",160,765,520,215,330,5,50,"4,955",565,195,515,65,60,105,225,945,295,945,"5,085","1,515",680,515,"5,955","2,730",765,"1,460","2,805",125,145,405,"151,550",775,"2,880",950,"18,635","10,240","3,875","1,410","6,505",15,165,15,"7,665",45,545,"20,865",715,245,"7,250",0,0,0,365,0,0,0,250,0,0,0,245,0,0,15,125,155,325,50,620,0,50,155,"44,330","28,045","79,175","2,740",0,"3,765","2,115",0,"5,550","4,445","1,420","15,000","7,265",620,"25,190","19,515",145,50,10,"2,995","14,505","11,305","1,350","1,530","2,155","905,190","2,478,095","3,905",..,"1,115",640,0,230,0,50,660,315,0,5,170,0,0,85,20,20,15,140,"2,455","1,675","4,130","4,555",0
507 - Derby ,"4,705","7,050","1,275",565,805,545,100,40,0,20,"2,145",160,60,190,30,10,175,120,190,135,510,905,165,100,150,"1,225",430,105,660,..,..,..,..,"51,095",..,..,..,..,..,..,..,"2,730",..,..,..,"3,485",..,..,"7,905",..,..,0,0,0,0,0,0,0,0,0,0,0,0,0,0,0,0,120,50,0,50,90,105,0,0,"20,710","10,550","19,835","1,120",290,"1,320",600,0,"2,885","1,105",600,"6,205",..,..,..,..,..,..,..,..,..,..,..,..,540,"52,865","770,450",..,..,125,15,35,30,5,10,170,50,..,..,..,..,30,420,165,110,40,..,..,..,..,560,0
508 - Leicestershire,"10,915","8,260","2,640",850,655,675,140,75,10,25,"5,335",370,150,475,80,20,255,190,250,345,"1,090","3,080",305,325,690,"3,740",735,350,"1,785","1,755",55,80,405,"92,870",..,..,..,"27,715","5,545","3,605",0,"2,885",..,..,..,"3,845",..,..,"21,810",..,..,"2,860",0,0,10,"9,165",50,5,965,"1,300",0,0,55,0,0,0,0,0,0,0,0,0,0,0,0,"14,735","7,430","70,705",515,0,"2,370",190,75,"3,580",225,"1,550","20,035",..,..,..,..,..,..,..,..,..,..,..,..,"1,570","134,955","1,348,280",..,..,245,400,150,120,0,15,330,180,..,..,..,..,0,15,5,0,0,10,..,..,..,"3,290",0
509 - Leicester ,"5,740","6,200","1,825",710,625,825,290,115,45,125,"2,520",325,105,360,60,55,130,110,200,255,755,"1,735",475,220,370,"2,250",835,265,"1,125",870,55,160,225,"47,555","1,895",830,"2,785","19,400","4,120","3,280",155,"2,570",25,120,640,"8,260",35,475,"11,700",160,350,"2,120",0,0,0,"1,675",25,105,0,580,35,0,20,0,0,0,0,0,0,0,105,0,0,0,0,"7,485","8,085","31,985",750,165,"1,655",150,125,"7,985",345,5,"11,350","2,150","1,035","2,505","10,560",230,45,0,"1,435",0,0,0,0,800,"78,060","1,012,835","1,505",..,90,650,55,65,40,30,230,35,40,15,195,0,0,575,120,70,30,795,0,..,..,800,"1,560"
510 - Rutland ,695,605,50,35,55,150,5,0,0,0,505,15,10,20,5,0,5,40,25,10,30,220,70,40,65,255,80,45,95,100,0,5,15,"5,220",..,..,..,..,..,..,..,120,..,..,..,100,..,..,885,..,..,0,0,0,0,0,0,0,730,0,0,0,0,0,0,0,0,0,0,0,0,0,0,0,0,870,0,"4,350",50,0,65,0,0,100,0,0,885,..,..,..,..,0,0,0,0,..,..,..,..,35,"7,460","73,585",..,..,0,130,0,10,0,0,25,5,..,..,..,..,0,15,20,20,15,65,..,..,..,135,0
511 - Nottinghamshire ,"11,935","17,720","4,000","1,000","1,730","1,305",175,105,10,70,"5,615",330,210,820,115,125,110,90,"1,340",520,"1,505","3,835",835,"1,945",975,"4,445","2,510","2,005","2,480","3,005",130,100,520,"163,035","3,155","4,015","4,705","46,490","18,660","4,210",685,"6,545",15,220,490,"4,935",85,200,"31,215","2,575","1,185",0,0,0,0,0,0,0,0,0,0,0,0,0,0,0,155,0,0,0,0,0,0,0,0,"42,015","9,020","112,000","3,060",105,"3,375","1,305",0,"3,630","1,340","4,275","25,600","5,765","1,095","1,650","34,855",105,0,0,"1,520",0,0,0,0,965,"94,565","1,352,690",..,..,640,195,155,60,95,25,750,590,..,..,..,..,160,810,240,175,60,..,"3,740",50,35,0,"11,315"
512 - Nottingham,"4,720","4,265",850,335,820,730,145,120,20,60,"2,650",160,65,285,55,50,95,185,265,145,545,"1,260",410,350,260,"1,665",790,390,805,..,..,..,..,"52,300",..,..,..,..,..,..,..,"4,880",..,..,..,"7,265",..,..,"14,295",..,..,955,0,0,0,0,0,0,0,0,0,0,0,0,0,0,0,0,0,0,0,0,0,0,0,"13,260","3,985","35,055","1,095",0,"3,785",190,0,"7,075","1,950","1,260","11,085",..,..,..,..,..,..,..,..,..,..,..,..,585,"193,855","1,119,120",..,..,300,75,65,10,45,20,175,100,..,..,..,..,0,5,0,0,0,..,..,..,..,0,"3,100"
606 - Hertfordshire ,"19,955","37,370","6,160","2,830","3,265","1,870",705,180,5,35,"10,515",615,180,635,115,240,425,175,"1,295",350,"1,360","4,560",990,"1,950",395,"6,200","2,670","2,015","1,755","3,285",155,145,805,"176,865","1,275","3,620","2,780","66,080","16,630","7,890",845,"8,500",30,430,105,"7,655",35,5,"42,915","2,060",585,0,0,0,0,0,0,0,0,0,0,0,0,0,0,0,0,0,0,0,0,0,0,0,0,"47,575",0,"129,290","4,190",0,"4,305","1,660",0,"6,000","1,900",0,"41,015","22,975","1,455","11,680","40,020",105,0,0,"1,800",0,0,500,0,"2,125",0,"2,235,925","3,190",55,510,600,170,45,100,140,865,545,0,0,0,0,0,850,175,125,20,915,0,0,0,"9,365",0
607 - Norfolk ,"15,420","18,570","2,790","3,355","2,010","2,620","1,645",300,80,375,"10,730",500,190,890,685,250,315,675,890,585,"1,845","3,865",925,0,"1,060","5,320","2,125",0,"2,905","3,575",180,230,540,"187,655",105,"5,365","6,895","42,245","3,445","6,025",300,"9,385",35,545,925,"12,240",235,"1,545","27,840","1,735",425,0,0,0,0,"12,055",0,0,65,960,0,0,0,0,0,0,0,0,0,0,0,0,0,0,0,"22,755",0,"164,900","2,725",0,"6,665",990,260,"10,990",265,690,"26,880","25,060","1,240","6,150","31,985",265,105,0,"1,035",..,..,..,..,"1,340","341,225","2,358,280",..,..,510,"1,085",30,620,0,350,560,"1,180",..,..,..,..,5,330,120,140,80,..,..,..,..,880,0
608 - Oxfordshire ,"4,605","5,775",485,40,920,"1,245",55,30,0,55,"5,845",190,35,350,25,0,25,145,295,355,780,"1,470",265,100,750,"1,830",605,115,"1,530","1,660",70,30,230,"86,495",..,..,..,..,..,..,..,"4,200",..,..,..,"1,375",..,..,"16,255",..,..,0,0,0,0,445,75,50,445,"3,490",25,0,5,0,0,0,0,0,0,0,0,0,0,0,0,"46,325",0,"40,170","2,495",0,"1,705",160,0,"1,215",535,0,"15,720",..,..,..,..,..,..,..,..,..,..,..,..,660,0,"952,375",..,..,650,"1,745",240,70,0,400,350,90,..,..,..,..,0,755,260,460,405,"1,750",..,..,..,950,0
609 - Suffolk ,"9,300","13,095","1,085",120,635,960,125,230,15,25,"8,720",325,115,570,195,40,65,325,460,405,"1,045","2,755",540,715,"1,480","3,610","1,155",750,"2,525","2,355",90,65,335,"130,550",..,..,..,..,..,..,..,"3,640",..,..,..,"3,490",..,..,"16,335",..,..,"1,765",10,0,310,"6,125",70,5,325,"1,650",5,30,0,0,0,0,0,0,0,0,0,0,0,0,0,"38,965","14,140","77,445","1,715",130,"1,800","1,445",30,"2,015",530,635,"15,170",..,..,..,..,..,..,..,..,..,..,..,..,"1,575","329,120","2,962,055",..,..,600,760,20,250,5,60,590,435,..,..,..,..,0,105,50,30,25,..,..,..,..,"7,095",0
611 - Luton ,"2,825","3,435",450,130,440,590,105,115,15,10,"1,800",85,30,210,5,0,145,85,145,100,465,570,175,115,165,765,445,125,630,..,..,..,..,"21,880",..,..,..,..,..,..,..,"1,970",..,..,..,"1,710",..,..,"5,315",..,..,0,0,0,5,"2,230",0,0,0,490,0,0,5,0,0,0,0,0,0,0,0,0,0,0,0,"6,085",0,"15,800",960,0,"1,010",180,0,"1,530",255,145,"4,920",..,..,..,..,..,..,..,..,..,..,..,..,250,"191,110","417,735",..,..,325,10,50,0,0,0,170,45,..,..,..,..,0,260,65,35,10,..,..,..,..,0,985
612 - Buckinghamshire ,"9,095","11,565","1,640",580,"1,120",300,85,15,5,35,"1,710",190,40,235,115,120,65,340,365,180,490,"1,420",210,920,365,"2,070",735,980,855,"1,210",85,40,295,"63,330",..,..,..,..,..,..,..,"4,360",..,..,..,"2,155",..,..,"16,340",..,..,0,0,0,0,680,10,0,50,360,0,50,0,0,0,0,0,0,0,0,0,0,0,0,0,"29,430",0,"33,900","1,630",0,"2,730",640,0,"1,510",465,365,"15,510",..,..,..,..,..,..,..,..,..,..,..,..,720,"79,020","606,125",..,..,150,135,5,40,15,160,310,70,..,..,..,..,0,110,55,80,50,..,..,..,..,"3,640",0
613 - Milton Keynes ,"3,455","2,665",455,420,495,295,445,35,10,15,"1,010",145,35,195,25,0,20,195,240,50,270,705,160,95,450,"1,075",435,100,720,..,..,..,..,"27,455",..,..,..,..,..,..,..,895,..,..,..,670,..,..,"4,550",..,..,0,0,0,0,295,0,0,0,275,0,0,0,0,0,0,0,0,0,0,0,0,0,0,0,"9,715",0,"17,740",405,0,490,105,0,570,0,0,"4,550",..,..,..,..,..,..,..,..,..,..,..,..,430,"75,570","364,970",..,..,75,95,0,45,0,0,175,160,..,..,..,..,0,50,10,10,5,..,..,..,..,0,0
614 - Bracknell Forest,"2,055","2,520",350,175,315,175,105,20,0,20,"1,005",45,15,60,10,0,20,135,110,40,130,375,245,0,65,575,370,0,195,240,5,10,35,"12,490",..,..,..,840,630,160,5,445,..,..,..,520,..,..,"1,995",..,..,455,0,0,0,230,0,0,0,180,0,0,0,0,0,0,0,0,0,0,0,0,0,0,0,"5,540","2,275","4,670",250,0,200,170,0,350,50,65,"1,875",0,0,45,0,0,0,0,0,0,0,0,0,175,"17,360","607,845",..,..,55,190,0,15,0,0,25,75,..,..,..,..,10,40,20,25,0,0,..,45,65,0,0
615 - West Berkshire,"2,155","2,905",240,245,215,120,140,35,5,0,705,75,30,90,15,10,20,110,125,50,165,515,80,0,70,720,250,0,235,335,5,15,75,"17,590",0,375,0,"5,435","3,655",445,65,250,0,30,0,610,30,0,"3,980",300,300,665,0,0,0,470,0,0,0,550,0,0,0,0,0,0,0,495,165,0,"1,035",40,0,0,0,"7,545","4,690","5,355",140,0,110,85,0,525,105,0,"3,875","2,505",530,115,"5,580",..,..,..,..,..,..,..,..,325,"52,990","367,580",350,60,60,35,15,15,5,10,30,105,5,0,85,0,0,150,45,35,5,15,0,60,60,100,0
616 - Reading ,"1,680","3,035",805,420,375,355,185,50,5,20,"1,120",110,25,70,105,125,15,120,130,25,110,565,125,55,55,905,400,60,160,335,25,25,110,"15,030",..,295,125,..,..,..,..,"1,250",..,..,..,"1,315",..,..,"5,750",..,..,585,0,0,0,575,0,50,50,500,0,0,0,0,0,0,0,0,0,0,0,0,0,0,0,"7,015","1,325","6,690",665,0,585,135,330,850,50,255,"5,445",..,..,..,..,..,..,..,..,..,..,..,..,475,"34,545","357,980",..,..,120,15,10,15,90,5,75,55,..,..,..,..,0,255,70,60,15,..,..,..,..,440,0
617 - Slough,"1,675","1,480",205,335,230,315,105,30,5,15,975,70,20,65,10,5,5,250,130,55,125,400,95,65,60,505,250,70,180,325,40,100,60,"15,370",0,425,0,650,0,565,210,"1,495",0,90,0,"2,695",0,0,"5,645",365,405,0,0,0,0,30,0,0,920,50,0,0,0,0,0,0,0,0,0,0,"1,035",0,0,0,0,"7,405",0,"7,965",305,0,"1,190",50,0,"2,640",0,855,"4,785","6,810",0,"1,180","2,465",0,0,0,195,0,0,0,0,280,"52,235","256,740","1,430",0,105,190,95,5,0,25,105,25,0,0,0,0,0,70,10,15,10,25,0,165,"2,305","1,090",0
618 - Windsor and Maidenhead,"1,795","2,205",150,120,195,75,30,5,0,0,675,35,15,40,35,0,5,85,155,10,55,315,95,50,55,465,255,55,110,..,..,..,..,"17,630",..,..,..,..,..,..,..,885,..,..,..,860,..,..,"6,320",..,..,0,0,0,0,520,0,0,0,455,0,0,0,0,0,0,0,0,0,0,0,0,0,0,0,"9,735",105,"7,790",375,0,505,185,0,675,60,550,"5,710",..,..,..,..,..,..,..,..,..,..,..,..,200,0,"365,870",..,..,95,0,0,15,0,0,135,20,..,..,..,..,0,0,0,0,0,..,..,..,..,450,0
619 - Wokingham ,"1,445","1,220",125,250,275,75,140,20,0,5,505,45,25,85,5,5,20,10,165,125,230,305,120,60,80,365,315,60,310,..,..,..,..,"15,160",..,..,..,..,..,..,..,390,..,..,..,285,..,..,"6,840",..,..,0,0,0,0,595,0,0,0,290,0,0,0,0,0,0,0,0,0,0,0,0,0,0,0,"6,745",0,"8,415",35,0,355,35,0,250,0,0,"6,840",..,..,..,..,..,..,..,..,..,..,..,..,155,0,"262,915",..,..,0,140,0,30,0,10,0,255,..,..,..,..,0,70,20,25,5,..,..,..,..,250,0
620 - Essex ,"23,550","13,915","1,665","6,385","1,575","1,360","6,055",295,5,5,"9,970",565,70,"1,015",70,20,205,"1,165",665,795,"2,015","4,515",765,"1,045",875,"6,325","1,520","1,075","2,890","3,995",185,195,825,"234,880",0,"2,590","5,375","5,930",580,"5,575",45,"10,675",..,295,220,"10,565",75,35,"43,125",565,200,0,0,0,0,"31,675",260,300,375,"4,945",0,25,20,0,0,0,0,"3,390",0,0,"5,950",15,0,0,0,"28,365",335,"206,180","2,350",155,"8,170",795,0,"9,770",10,"3,225","39,885",0,0,0,0,0,0,0,"1,205","23,100","4,410","7,495","2,920","3,735",0,"7,952,670","3,930",115,0,700,0,65,0,10,0,630,0,0,0,0,0,260,155,140,45,15,"23,275","6,885",0,"7,090",0
621 - Southend on Sea ,"4,690","3,505",635,110,420,365,60,50,5,10,"1,815",130,10,115,0,5,30,45,170,135,280,"1,015",150,265,190,"1,190",330,275,470,690,15,35,85,"30,230",620,"1,770",0,"4,885",170,"1,330",0,740,100,210,0,"1,945",70,0,"4,705",220,0,105,0,0,0,"1,985",10,0,0,0,0,0,0,0,0,0,0,0,0,0,0,0,0,0,0,640,"2,600","26,990",0,0,740,0,0,"1,945",0,325,"4,380","1,085",0,0,"2,975",265,0,0,970,"3,255",705,85,420,450,0,"469,240",815,5,85,95,0,5,0,5,545,80,0,50,50,0,0,60,10,10,10,25,0,185,570,"1,215",0
622 - Thurrock,"1,325","1,590",160,40,160,145,40,25,0,5,740,70,0,90,15,0,5,50,75,55,150,485,120,225,105,630,140,235,255,335,20,25,80,"16,765",..,..,..,"3,865",140,135,260,"1,110",..,95,70,"1,350",60,5,"3,980",65,140,535,0,0,0,"5,550",0,0,5,280,0,0,415,0,0,0,0,0,0,0,0,0,0,0,0,"1,125","1,560","14,080",0,40,"1,065",50,0,"1,295",0,85,"3,895",..,"2,785",..,..,..,..,..,..,..,..,..,..,220,"79,490","300,250",0,0,110,0,0,0,0,0,75,5,0,0,0,0,0,20,0,5,0,15,0,"1,115","1,190",930,0
623 - Cambridgeshire,"9,630","10,915","2,235",510,"1,520",795,200,85,5,50,"3,535",290,80,340,200,20,45,435,460,400,790,"2,515",405,0,360,"3,440",965,0,"1,150","1,685",110,90,470,"84,920",..,"2,245","2,445","13,495","7,805","2,755",120,"4,395",..,450,415,"5,775",45,15,"20,015",985,"1,155",0,0,0,5,440,0,0,0,0,0,0,0,0,0,0,5,210,210,0,"1,360",0,0,0,365,"28,980",0,"55,935","1,685",0,"2,710","1,255",0,"4,525","1,345","1,080","17,595","4,845",400,"1,290","1,645",255,90,145,"2,005",10,0,110,0,"1,525","174,240","2,103,850","2,945",90,105,385,5,105,0,25,255,615,5,5,125,0,5,"1,925",85,705,255,"2,985",0,"1,065","1,710",0,0
624 - Peterborough,"4,255","7,430",635,210,375,445,30,90,10,10,"1,595",165,50,150,160,0,20,165,215,105,270,"1,100",195,230,135,"1,595",460,255,405,..,..,..,..,"18,210",..,..,..,..,..,..,..,"1,305",..,..,..,700,..,..,"5,880",..,..,245,0,0,0,0,0,0,0,0,0,0,0,0,0,0,0,0,0,0,0,0,0,0,0,"4,215","2,245","11,750",750,35,520,0,0,700,110,0,"5,770",..,..,..,..,..,..,..,..,"3,680","1,070",195,425,650,0,"1,061,205",..,..,120,35,15,30,0,0,95,80,..,..,..,..,0,20,5,0,0,..,..,..,..,"1,180",0
625 - Bedford Borough ,"3,095","4,735",925,245,625,240,150,25,15,25,"1,005",105,45,75,20,30,25,205,155,40,140,540,195,75,90,875,425,80,230,450,20,20,115,"27,455",..,..,..,..,..,..,..,"1,030",..,..,..,"1,120",..,..,"8,315",..,..,0,0,0,0,0,0,0,0,0,0,0,0,0,0,0,0,0,0,0,0,0,0,0,0,"5,520","2,260","19,675",515,0,515,110,0,"1,010",0,305,"8,010",..,..,..,..,..,..,..,..,..,..,..,..,420,"20,665","551,790",..,..,130,100,0,45,0,30,70,90,..,..,..,..,0,230,95,60,20,410,..,..,..,545,0
626 - Central Bedfordshire,"3,860","5,180",400,165,405,310,130,15,5,25,"1,810",130,55,145,25,20,45,135,185,90,285,885,360,85,155,"1,175",625,90,440,715,35,15,155,"36,645",..,"1,755",..,..,..,..,..,"2,065",..,..,120,390,0,..,"9,990",295,..,0,0,0,0,0,0,0,0,0,0,0,0,0,0,0,0,0,0,0,405,0,0,0,0,"9,000",0,"27,645",995,0,"1,075",105,0,285,125,790,"9,075",435,355,710,"10,200",..,..,..,..,..,..,..,..,460,"64,760","488,305","1,695",0,220,35,5,25,15,5,125,35,..,..,..,..,0,420,240,165,40,685,"1,030",..,..,455,0
702 - Camden,"4,065","3,065",425,"1,125",295,555,560,50,120,0,"1,630",230,40,215,315,210,110,125,150,65,400,"1,065",345,0,270,"1,740",745,0,665,..,..,..,..,"27,425",..,..,..,..,..,..,..,"2,820",..,..,..,"3,075",..,..,"4,605",..,..,0,0,0,0,"2,250",0,0,0,625,0,0,0,0,0,0,0,50,0,0,715,470,0,0,50,"9,190","7,645","10,590","1,215",55,"1,550",190,50,"2,830",50,235,"4,320",..,..,..,..,..,..,..,..,..,..,..,..,615,0,"708,255",..,..,215,135,10,25,65,140,60,85,..,..,..,..,0,325,50,35,10,..,..,..,..,0,0
703 - Greenwich ,"3,500","2,640",525,780,225,255,"1,590",15,0,0,895,190,60,210,75,0,10,55,170,85,310,"1,135",250,90,190,"1,455",485,95,500,520,60,70,160,"26,795",..,..,..,..,..,..,..,"3,085",..,..,..,"3,035",..,..,"9,990",..,..,0,0,0,0,0,0,0,0,0,0,0,0,0,0,0,0,0,0,0,0,0,0,0,0,"10,750",0,"16,040",920,0,"2,165",0,0,"3,035",60,"1,810","8,125",..,..,..,..,..,..,..,..,..,..,..,..,680,"34,720","860,290",..,..,15,245,35,30,0,0,180,55,..,..,..,..,0,255,65,50,25,..,..,..,..,965,0
704 - Hackney ,"3,690","2,155",570,"1,055",315,240,480,25,70,0,715,180,40,145,20,155,25,50,145,70,240,730,190,155,105,985,535,175,345,..,..,..,..,"20,705",..,..,..,..,..,..,..,"2,280",..,..,..,"4,045",..,..,"7,135",..,..,0,0,0,0,0,0,0,0,0,0,0,0,0,0,0,0,0,0,0,0,0,0,0,0,"6,315",0,"14,385",640,0,"1,640",0,0,"4,045",135,0,"7,000",..,..,..,..,..,..,..,..,..,..,..,..,625,"204,025","564,335",..,..,205,20,0,25,160,5,80,115,..,..,..,..,0,325,50,15,5,35,0,155,585,0,"1,135"
705 - Hammersmith and Fulham,"1,430","1,525",255,80,170,295,45,40,15,0,"1,070",105,10,100,85,60,35,70,45,75,215,880,100,120,165,"1,155",215,135,380,..,..,..,..,"18,010",..,..,..,..,..,..,..,"1,795",..,..,..,"5,205",..,..,"8,315",..,..,0,0,0,0,315,0,50,20,"1,190",100,65,0,0,0,0,0,0,0,0,0,0,0,0,0,"12,755",0,"5,255","1,020",0,775,770,0,"4,435",0,575,"7,740",..,..,..,..,..,..,..,..,..,..,..,..,460,"49,420","667,560",..,..,75,0,35,0,60,0,35,20,..,..,..,..,0,240,60,25,5,..,..,..,..,0,775
706 - Islington ,..,"2,580",565,260,420,745,535,45,70,0,"1,580",..,..,..,..,..,..,..,..,..,..,..,..,..,..,..,..,..,..,455,30,40,115,"27,875",350,190,820,"6,225","4,145",875,5,"1,465",0,5,180,"2,125",0,0,"4,650",265,135,0,0,0,0,"1,425",105,0,0,"1,385",0,0,0,0,0,0,0,0,0,0,0,105,0,0,0,"11,560",0,"16,315",700,0,760,195,0,"1,930",70,"1,180","3,405","2,565",70,785,"3,515",155,0,50,775,0,0,0,0,440,"63,020","532,295","30,525",0,140,585,160,10,0,160,70,125,0,230,15,0,0,505,90,30,10,635,"2,755",305,590,295,0
707 - Kensington and Chelsea,"4,565","4,100",640,885,245,290,620,15,120,10,910,130,0,130,40,320,75,20,20,130,150,740,110,165,145,930,455,175,440,275,95,35,15,"14,090",0,0,0,0,0,0,0,705,0,0,0,"1,280",0,0,"3,440",0,0,70,0,0,0,495,0,0,0,425,0,0,0,190,0,0,0,585,0,215,895,0,0,0,20,"3,800","2,170","8,115",215,0,490,55,0,"1,230",210,0,"3,230","4,270",50,"5,425","2,655",..,..,..,..,..,..,..,..,325,"15,715","357,045",500,5,120,0,0,0,165,5,120,20,..,..,30,..,0,630,90,60,15,..,"1,605",75,610,930,0
708 - Lambeth ,"6,565","6,460","1,115","1,385",565,520,"1,385",60,230,80,"1,180",310,70,180,25,5,10,130,85,110,310,"1,215",220,225,145,"1,690",395,260,455,735,70,110,250,"38,210",0,0,0,"7,160","3,990","1,620",80,"4,615",0,85,85,"7,155",0,0,"14,305",55,0,0,0,0,0,0,0,0,0,0,0,0,0,0,0,0,0,0,0,0,0,0,0,0,0,"17,560",0,"20,645","2,270",0,"2,345",745,0,"6,410",745,0,"13,565","2,110",875,"2,600","4,900",115,0,0,"1,085",0,0,0,0,785,0,"707,930",445,0,225,5,75,10,35,20,110,90,0,0,0,0,0,5,0,0,0,..,865,0,570,"1,980",0
709 - Lewisham,"4,800","3,710",530,"1,225",485,35,"1,195",20,0,15,745,220,35,210,120,85,5,180,180,85,300,"1,125",275,280,250,"1,660",580,310,550,595,70,50,155,"32,360",..,640,575,"7,710","4,815",975,0,"3,240",0,15,390,"2,850",0,140,"8,145",0,175,0,0,0,0,0,0,0,0,0,0,0,0,0,0,0,0,0,0,0,0,0,0,0,0,"15,835",0,"16,525","1,280",0,"1,960",385,0,"2,465",265,0,"7,880",..,15,"5,040","8,820",90,0,0,905,410,0,"1,145",10,755,"36,120","950,200",655,5,75,255,25,20,0,115,105,90,0,0,0,0,15,180,45,35,25,60,0,540,"4,690","1,970",0
710 - Southwark ,"2,765","3,285",370,285,280,770,50,85,15,5,"1,990",170,50,210,15,145,30,40,220,105,350,865,105,230,570,"1,095",520,245,920,620,75,160,155,"32,380",210,345,"1,505","1,560","1,310",945,50,"4,140",75,145,420,"7,230",80,0,"9,825",80,15,0,0,0,0,665,50,0,0,355,35,0,0,0,0,0,0,0,0,0,0,0,0,0,0,"14,390",0,"17,990","1,800",0,"2,345",930,0,"6,295",0,165,"9,660","3,800",0,0,"6,020",0,0,0,0,0,0,0,0,605,0,"753,470","1,400",0,140,125,30,0,20,320,0,470,0,0,250,0,5,290,40,30,25,390,920,220,600,"1,430",0
711 - Tower Hamlets ,"2,915","3,485",730,"1,545",440,350,"1,125",55,10,25,700,305,45,150,95,35,25,250,275,65,245,"1,210",230,405,250,"1,865",590,475,495,..,..,..,..,"20,950",..,..,..,..,..,..,..,"2,555",..,..,..,"6,620",..,..,"7,045",..,..,0,0,0,0,270,0,0,0,0,0,0,0,0,0,0,0,30,45,0,230,110,45,0,80,"6,540",0,"14,410",925,0,"1,630",145,0,"6,475",0,0,"7,045",..,..,..,..,..,..,..,..,..,..,..,..,605,"194,160","1,100,625",..,..,65,95,20,20,15,20,75,250,..,..,..,..,0,345,35,10,0,..,..,..,..,"1,545","3,095"
712 - Wandsworth,"3,480","2,125",380,405,565,245,55,35,5,5,"1,020",160,55,125,95,130,40,125,225,110,275,965,200,80,120,"1,300",610,90,395,605,50,85,275,"33,365",..,..,..,..,..,..,..,"2,625",..,..,..,"3,920",..,..,"14,680",..,..,0,0,0,0,0,0,0,0,0,0,0,0,0,0,0,0,0,0,0,0,0,0,0,0,"17,055",0,"16,310","1,290",0,"1,335",830,0,"3,090",295,0,"14,385",..,..,..,..,..,..,..,..,..,..,..,..,340,"8,185","813,770",..,..,15,185,25,30,0,130,95,130,..,..,..,..,0,460,140,60,15,..,..,..,..,"1,010",0
713 - Westminster ,"2,555","1,790",225,830,265,225,950,15,20,35,"1,000",145,15,130,205,90,60,200,150,65,260,905,160,230,125,"1,470",420,250,385,..,..,..,..,"27,325",..,..,..,..,..,..,..,"1,355",..,..,..,"6,905",..,..,"5,140",..,..,510,0,0,0,780,0,0,0,"1,115",0,0,0,0,0,0,0,280,15,135,530,280,0,125,0,"13,210","2,850","11,260",725,50,575,785,0,"6,120",50,0,"5,090",..,..,..,..,..,..,..,..,..,..,..,..,530,0,"711,570",..,..,25,175,0,20,0,85,95,125,..,..,..,..,0,210,40,25,5,..,..,..,..,"1,245",0
714 - City of London,95,80,10,10,10,10,15,0,0,0,75,0,0,10,0,0,25,0,0,10,45,0,0,0,35,0,0,0,80,0,0,0,0,"1,150",..,..,..,..,..,..,..,0,..,..,..,265,..,..,105,..,..,0,0,0,0,80,0,0,0,10,0,0,0,0,0,0,0,0,0,0,0,50,0,0,0,330,0,820,0,0,0,25,0,240,0,0,105,..,..,..,..,..,..,..,..,..,..,..,..,0,0,0,20,0,0,0,0,0,0,0,0,0,0,0,0,0,0,15,10,10,0,35,0,15,95,0,0
716 - Barking and Dagenham,"3,450","3,585",615,30,265,225,65,80,5,5,620,60,20,215,10,120,10,15,100,95,320,475,105,0,360,565,345,0,685,430,15,15,40,"21,885","6,785",405,150,"2,445",220,955,50,705,0,60,60,"1,820",0,0,"2,685",345,40,0,0,0,0,"1,105",0,0,0,0,0,0,0,0,0,0,0,50,0,0,0,0,0,0,0,"7,540","1,750","12,595",165,0,540,20,0,"1,800",90,235,"2,360","5,940",0,830,"2,855",0,0,0,260,0,0,0,0,550,"64,310","321,355",755,0,40,55,0,10,0,125,55,50,..,..,..,..,0,0,0,0,0,0,..,90,75,0,0
717 - Barnet,"4,600","2,635",500,915,535,265,495,25,15,5,"1,685",150,30,270,60,165,60,185,180,205,545,"1,035",235,265,495,"1,435",610,280,"1,040",780,60,70,210,"42,485",..,755,..,"7,815","2,650","2,010",70,"3,090",..,60,..,"3,675",20,..,"10,970",260,..,0,0,0,0,"1,790",50,0,15,510,0,0,0,0,0,0,0,0,0,0,0,0,0,0,0,"12,610",0,"29,875","1,120",0,"1,970",205,0,"3,470",0,0,"10,970","3,740",50,"2,050","1,740",..,..,..,..,..,..,..,..,750,0,"1,025,510",..,..,5,230,5,25,160,5,0,180,..,..,..,..,0,75,15,5,10,..,..,..,..,"1,190",0
718 - Bexley,"5,955","3,875",555,810,320,390,710,50,70,55,"1,815",105,45,40,5,0,0,30,180,35,35,800,180,0,50,940,410,0,125,510,40,5,115,"30,390",155,625,0,"3,265","1,770","1,235",60,"1,945",10,0,0,"1,790",0,0,"9,185",0,0,0,0,0,0,0,0,0,0,0,0,0,0,0,0,0,0,0,0,0,0,0,0,0,0,"12,355",0,"18,040",770,0,"1,175",0,0,"1,790",50,0,"9,135",..,0,0,800,..,..,..,..,..,..,..,..,335,0,"491,420",940,5,0,180,0,45,0,0,0,180,0,0,0,0,0,25,50,0,0,85,"2,915",..,..,0,0
719 - Brent ,"2,725","3,245",550,10,660,320,15,50,5,10,"2,790",200,40,110,5,5,15,40,220,170,290,"1,080",190,235,115,"1,325",460,265,405,620,70,65,195,"33,645",40,290,550,"1,665","1,260",235,0,"3,720",0,10,185,"3,630",0,0,"10,155",155,5,0,0,0,0,"1,440",0,0,0,900,50,0,0,0,0,0,0,210,0,0,65,0,0,0,0,"17,410",0,"16,230","2,275",0,"1,445",30,0,"3,600",90,730,"9,340","6,025",115,"3,615","3,125",125,0,245,"1,370",0,0,0,0,530,0,"673,545","1,420",10,50,45,85,10,0,5,45,175,0,0,0,0,0,130,0,0,0,5,"4,800",480,600,"1,050",0
720 - Bromley ,"5,290","4,630",555,940,470,360,840,65,20,60,"2,600",205,25,125,110,0,5,260,110,60,190,"1,515",525,0,145,"2,100",660,0,335,..,..,..,..,"34,140",..,..,..,..,..,..,..,"2,180",..,..,..,"3,055",..,..,"9,375",..,..,0,0,0,0,930,0,0,0,865,0,0,0,0,0,0,0,60,0,0,0,165,10,0,0,"13,500",50,"20,590",635,0,"1,545",100,0,"2,955",480,905,"7,985",..,..,..,..,..,..,..,..,..,..,..,..,535,0,"973,940",..,..,0,800,15,10,0,5,105,15,..,..,..,..,0,0,0,0,0,5,..,..,..,0,0
721 - Croydon ,"5,960","3,870",760,795,475,170,700,65,10,15,"1,075",230,205,190,95,20,25,285,315,160,430,"1,535",470,885,145,"2,165","1,015",955,575,..,..,..,..,"38,670",..,..,..,..,..,..,..,"3,135",..,..,..,"5,010",..,..,"15,285",..,..,0,0,0,0,"1,465",0,0,0,"1,635",50,0,0,0,0,0,0,0,0,0,0,0,0,0,0,"16,590",0,"22,085",885,0,"2,250",570,0,"4,440",145,0,"15,140",..,..,..,..,..,..,..,..,..,..,..,..,"1,145",0,"865,470",..,..,570,5,205,65,20,5,0,350,..,..,..,..,0,55,10,10,20,..,..,..,..,"2,710",0
722 - Ealing,"6,540","4,480",680,"1,845",365,300,795,30,60,5,"1,695",295,15,175,50,5,10,75,170,130,315,"1,455",295,25,265,"1,875",490,30,575,915,110,85,180,"30,285","1,755",145,50,"5,480","4,065","2,335",0,"3,475",515,15,70,"6,820",5,40,"9,170",15,0,0,0,0,365,"2,585",20,55,55,"2,445",25,40,0,0,0,0,0,0,0,300,0,160,50,0,0,"12,885",0,"17,400","1,520",0,"1,955",575,0,"6,240",435,0,"8,735","1,355",185,"2,470","1,945",0,0,0,260,..,..,..,..,"1,105","21,935","807,785",745,0,295,0,0,15,30,5,120,50,0,0,95,0,0,145,15,20,5,25,"4,980",280,"1,520",225,0
723 - Enfield ,"6,010","8,330","1,530",435,725,405,325,35,0,70,"1,615",100,40,380,160,30,55,205,255,90,550,675,285,10,640,"1,150",620,15,"1,185",660,40,45,115,"32,020",0,900,115,"10,370","2,825",950,315,"1,945",0,70,275,"2,485",5,495,"5,950",125,255,"1,290",0,15,0,"7,115",135,105,0,"2,590",140,0,0,0,0,0,0,625,0,0,"2,085",0,0,0,0,"9,600","3,725","18,695",455,55,"1,435",150,0,"2,335",105,0,"5,845",..,..,..,..,305,155,5,410,..,..,..,..,540,"83,110","1,250,125","1,290",65,280,130,0,25,0,25,300,175,0,20,155,0,0,120,45,55,35,240,"2,050",145,"2,095",0,585
724 - Haringey,"3,770","2,140",780,320,515,400,45,15,15,10,940,130,30,330,35,90,20,45,255,85,445,720,200,175,310,940,595,185,755,435,40,115,180,"26,115",..,..,..,..,..,..,..,"1,435",..,..,..,"5,675",..,..,"8,550",..,..,335,0,0,0,"1,660",0,50,0,"1,280",0,0,0,0,0,0,0,0,0,0,20,470,0,0,0,"7,075",975,"18,065",555,0,880,245,0,"5,425",215,315,"8,020",..,..,..,..,..,..,..,..,..,..,..,..,505,"17,610","647,920",..,..,165,85,25,10,110,5,180,95,..,..,..,..,0,480,120,65,10,..,..,..,..,915,0
725 - Harrow,"4,550","4,705",535,610,440,140,510,30,0,20,835,55,40,175,25,95,0,20,150,140,315,310,215,145,415,405,505,160,730,0,0,0,0,"24,130",0,0,0,0,0,0,0,"1,455",0,0,0,"2,485",0,0,"7,490",0,0,0,0,0,0,0,0,0,0,0,0,0,0,0,0,0,0,0,0,0,0,0,0,0,0,"9,775",520,"13,830",470,0,985,350,935,"1,200",310,"1,715","5,460",..,..,..,..,..,..,..,..,..,..,..,..,300,0,"393,095",..,..,105,125,35,5,95,100,105,100,..,..,..,..,0,235,110,70,30,..,..,..,..,0,"1,395"
726 - Havering,"5,085","8,680","1,000",570,465,375,25,45,0,25,"2,735",100,20,130,15,15,10,70,75,140,280,"1,230",185,215,245,"1,420",290,225,525,..,..,..,..,"28,595",..,..,..,..,..,..,..,"1,485",..,..,..,"1,055",..,..,"8,185",..,..,0,0,0,0,"4,205",15,0,0,"1,500",0,0,0,0,0,0,0,0,0,0,0,0,0,0,0,"10,425",0,"18,165",640,0,845,265,0,795,295,0,"7,890",..,..,..,..,..,..,..,..,..,..,..,..,600,"27,420","644,955",..,..,30,200,35,0,0,15,105,60,..,..,..,..,0,0,0,0,0,..,..,..,..,0,"2,475"
727 - Hillingdon,"2,600","5,015",200,10,170,385,40,35,25,0,"1,995",175,35,135,20,5,10,35,135,40,185,"1,240",205,540,105,"1,470",385,565,290,525,55,205,40,"34,115",..,..,..,"5,025","3,470","1,920",295,"2,905",..,..,..,"2,505",..,..,"14,440",..,..,0,0,0,0,0,0,0,0,0,0,0,0,0,0,0,0,0,0,0,0,0,0,0,0,"14,240",685,"19,190","1,410",0,"1,495",335,0,"2,175",665,"2,205","11,570",0,0,0,0,525,70,"1,190",310,"2,220",390,90,195,535,"80,815","752,755",..,..,305,15,30,20,0,0,125,60,..,..,..,..,0,20,0,0,0,5,"2,280",30,"1,470","2,045",0
728 - Hounslow,"2,190","2,530",335,165,295,190,45,25,0,5,940,130,20,150,40,25,40,30,160,100,295,790,90,140,225,"1,000",305,150,525,380,35,25,130,"20,770",0,60,0,"1,075",220,"2,255",115,"1,900",0,5,0,"1,335",0,0,"6,855",55,0,"1,225",0,0,0,115,0,50,0,340,50,0,15,0,0,0,0,0,0,0,0,0,0,0,0,"8,560","5,525","6,685",990,260,650,50,10,"1,270",80,0,"6,775","2,830",705,"1,580","5,515",50,0,0,110,0,0,0,120,785,"35,835","543,685",820,15,100,20,10,10,25,140,205,140,0,0,85,0,0,75,20,20,5,125,595,95,890,690,0
729 - Kingston upon Thames,"1,275",930,100,40,195,65,60,40,10,20,645,40,10,75,15,15,40,0,40,145,270,455,65,175,85,590,135,185,355,255,20,25,95,"17,660",225,75,340,795,0,695,30,"1,085",0,0,0,"2,485",..,..,"5,685",50,0,"2,145",0,0,0,605,0,0,0,365,0,0,0,395,0,0,0,670,0,0,0,155,0,0,0,"6,895","5,385","5,385",210,105,770,210,0,"2,280",105,625,"4,955",..,20,70,"3,720",325,50,0,20,0,0,0,0,320,"42,365","205,580",0,0,45,5,0,5,0,0,60,90,0,0,0,0,0,80,30,15,10,135,230,0,0,0,"1,055"
730 - Merton,"2,350","1,415",335,195,385,170,495,15,15,0,780,75,40,105,20,5,30,80,135,65,205,560,185,150,150,735,365,160,355,..,..,..,..,"25,365",..,..,..,..,..,..,..,"2,205",..,..,..,940,..,..,"6,615",..,..,0,0,0,0,0,0,0,0,0,0,0,0,0,0,0,0,0,0,0,0,0,0,0,0,"10,160",0,"15,210",835,0,"1,375",20,0,920,155,710,"5,750",..,..,..,..,..,..,..,..,..,..,..,..,335,"22,770","472,365",..,..,140,120,40,20,0,10,210,25,..,..,..,..,0,140,40,25,25,..,..,..,..,"1,335",0
731 - Newham,"3,060","2,920",455,325,445,410,"2,020",85,395,0,"1,310",245,85,210,20,15,15,50,150,200,420,"1,100",305,0,305,"1,415",555,0,725,0,0,0,0,"23,980",0,215,865,"5,190","2,845","1,410",110,"2,810",0,45,165,"3,215",0,40,"6,445",110,145,0,0,0,0,0,0,0,0,0,0,0,0,0,0,0,0,0,0,0,0,0,0,0,0,"9,935",0,"14,045",965,0,"1,845",60,0,"3,155",185,0,"6,260",0,445,"9,790","4,170",100,60,250,840,60,995,350,65,"1,205","70,925","853,335","1,365",5,220,75,30,40,5,10,60,115,0,0,25,0,0,75,5,5,0,10,700,"1,845","1,355",0,0
732 - Redbridge ,"4,660","3,510",675,40,430,480,50,120,20,0,"2,020",100,75,260,20,55,60,140,215,195,510,860,230,285,530,"1,115",570,300,"1,040",430,35,60,110,"24,240",0,0,0,0,0,0,0,"1,925",0,0,0,"3,630",0,0,"6,970",225,0,0,0,0,0,"6,970",0,0,0,"3,660",290,0,0,0,0,0,0,0,0,0,0,0,0,0,0,"7,405",0,"16,835",865,0,"1,060",155,0,"3,475",470,0,"6,500","8,270",0,615,"2,470",0,0,0,855,0,0,0,0,410,"58,570","725,415","2,250","2,240",240,25,65,5,115,5,110,165,0,0,110,0,0,120,30,50,35,220,"1,170",50,"3,600",180,"2,095"
733 - Richmond upon Thames,"1,705","1,790",320,140,315,95,10,20,0,5,600,55,35,115,35,5,20,105,60,110,245,445,100,105,140,640,200,110,385,440,30,45,130,"23,200",155,190,50,"5,835","3,945","2,195",0,"1,695",0,10,75,"1,905",0,75,"7,130",145,380,0,0,0,50,"1,200",0,0,35,540,0,20,0,0,0,0,0,0,0,0,50,0,0,0,0,"9,555",315,"13,330",635,0,"1,055",350,0,"1,555",50,"1,110","5,965","2,250",0,"1,370","3,995",50,0,0,260,0,0,0,0,325,0,"339,305",955,5,100,0,30,10,0,5,10,25,0,295,0,0,50,910,295,200,55,430,..,..,..,685,0
734 - Sutton,"2,320","3,275",485,120,260,275,75,40,25,25,"1,785",80,40,100,25,0,20,100,115,95,220,625,85,0,125,835,240,0,345,285,15,15,160,"16,475",0,265,595,"5,085","3,200","1,885",290,"1,095",0,15,155,965,0,70,"9,330",380,55,0,0,0,0,490,0,0,20,650,35,0,0,0,0,0,0,30,0,0,0,145,0,65,0,"6,785",0,"9,690",690,0,405,120,0,845,135,0,"9,195",..,..,..,..,420,0,200,970,..,..,..,..,400,"36,510","857,910",640,10,15,50,0,40,0,0,10,145,0,0,0,0,0,105,30,25,5,165,"1,595",130,275,0,0
735 - Waltham Forest,"2,560","1,485",265,400,405,350,20,60,0,15,"1,055",60,10,160,15,70,55,30,130,130,345,585,170,170,205,695,385,180,550,..,..,..,..,"20,310",..,..,..,"7,315",..,..,..,"1,910",..,..,..,"2,315",..,..,"12,295",..,..,0,0,0,0,0,0,0,0,520,0,0,0,155,0,0,0,0,0,0,0,0,0,0,0,"5,635","4,500","10,175",410,0,"1,500",0,0,"2,315",110,900,"11,290",..,..,..,..,..,..,..,..,..,..,..,..,495,"57,200","477,335",..,..,120,0,0,15,60,0,125,85,..,..,..,..,0,175,45,30,10,..,..,..,..,0,"1,260"
803 - Isle of Wight Council ,"2,505","3,470",495,190,475,115,35,25,0,0,745,55,0,110,40,20,60,30,20,285,460,600,75,0,190,725,110,0,650,..,..,..,..,"41,325",..,..,..,..,..,..,..,"1,420",..,..,..,"2,220",..,..,"7,130",..,..,0,0,0,0,0,0,0,0,0,0,0,0,0,0,0,0,0,0,0,0,0,0,0,0,"7,080","2,065","32,180",350,0,"1,070",50,0,"2,165",0,355,"6,775",..,..,..,..,..,..,..,..,..,..,..,..,210,"20,540","328,825",..,..,90,125,0,0,60,0,40,15,..,..,..,..,0,280,45,50,70,..,..,..,..,0,0
805 - Surrey,"10,695","7,140","1,155",985,"1,420","1,095","1,865",225,300,0,"8,420",430,140,820,185,20,195,665,"1,050",650,"1,670","3,660",395,0,875,"4,945","1,605",0,"2,545","3,040",185,85,"1,025","164,055",..,..,..,..,..,..,..,"10,155",..,..,..,"3,970",..,..,"60,070",..,..,0,0,0,0,0,0,0,0,0,0,0,0,0,0,0,0,915,0,680,0,360,0,55,0,"65,315","10,355","88,385","3,950",10,"6,195",950,30,"2,990",615,"5,580","53,875",..,..,..,..,465,105,340,"1,660",..,..,..,..,"4,945","235,245","4,114,965",..,..,140,465,65,100,0,10,640,960,..,..,..,..,10,750,215,175,70,605,0,..,..,0,0
807 - West Sussex ,"10,965","9,810","1,180","2,105",560,620,775,105,5,25,"4,260",225,90,475,100,10,110,0,805,295,890,"1,815",435,995,435,"2,795","1,345","1,130","1,325",..,..,..,..,"129,380",..,..,..,..,..,..,..,"6,625",..,..,..,"8,090",..,..,"27,690",..,..,15,0,0,0,"8,775",0,105,0,"3,965",0,0,0,0,0,0,15,"1,015",0,315,"1,600",0,0,0,70,"43,340","2,105","83,935","2,075",0,"4,550","1,050",0,"7,040","1,975","3,290","22,430",..,..,..,..,..,..,..,..,..,..,..,..,"1,485","55,180","1,164,950",..,..,540,145,115,60,10,0,660,650,..,..,..,..,0,10,5,5,5,..,..,..,..,"6,790",0
809 - Dorset,"8,765","6,725",935,215,880,380,"1,490",95,235,25,"2,220",150,100,275,10,5,55,45,320,260,590,"1,425",590,0,280,"1,630","1,015",0,870,"1,355",35,40,260,"78,350",100,"1,135","1,165","15,590","4,055","2,435",110,"2,065",0,60,35,"2,010",0,90,"11,895",160,165,"1,030",0,0,0,345,0,0,0,195,0,0,0,0,0,0,0,0,0,0,100,0,0,0,0,"15,180","16,200","46,970",545,0,"1,520",210,0,"1,800",315,"1,265","10,320","3,745",240,485,"8,875",395,55,0,"1,920",0,0,0,0,715,"100,345","603,145","2,210",15,935,5,130,10,10,0,475,120,10,5,160,0,30,15,5,0,5,30,"4,340",135,350,0,0
810 - Bournemouth ,"2,960","3,450",390,150,550,420,165,55,0,0,"1,710",90,35,90,15,35,45,50,105,95,230,565,245,5,90,720,415,10,320,..,..,..,..,"38,760",..,..,..,..,..,..,..,"1,535",..,..,..,765,..,..,"5,465",..,..,0,0,0,0,0,0,0,0,0,0,0,0,0,0,0,0,0,0,0,0,0,0,0,0,"7,155",770,"30,835",265,0,"1,270",25,0,740,0,920,"4,545",..,..,..,..,..,..,..,..,..,..,..,..,315,"89,580","572,845",..,..,245,5,40,0,35,0,70,50,..,..,..,..,0,45,10,5,5,..,..,..,..,70,0
811 - Poole ,"3,465","4,975",770,730,265,300,30,35,0,0,"1,480",70,30,110,20,115,10,105,180,90,210,685,185,0,95,880,505,0,305,400,20,10,50,"22,335",..,..,..,..,..,..,..,845,..,..,..,480,..,..,"2,510",..,..,0,0,0,0,265,0,0,0,0,0,0,0,0,0,0,0,"1,035",80,75,145,65,0,0,0,"4,440",0,"17,895",315,0,530,105,0,375,20,0,"2,485",..,..,..,..,..,..,..,..,..,..,..,..,405,"24,050","691,420",..,..,150,35,15,0,10,115,160,20,..,..,..,..,0,25,10,5,0,..,..,..,..,0,0
812 - Hampshire ,"13,330","11,795","1,290",645,"1,345","3,790","1,340",490,110,240,"22,580",820,205,590,210,125,35,"1,040","1,020",515,"1,165","4,205",645,0,385,"6,305","2,000",0,"1,550","3,880",165,135,875,"212,650","5,505","5,375","3,110","24,185","13,825","4,205",680,"8,800",35,345,230,"7,510",45,105,"47,920","2,805",445,690,0,0,0,"7,470",50,0,0,"6,235",125,50,0,0,0,0,0,315,50,0,"3,410",15,0,0,65,"95,570","22,520","94,565","3,835",480,"4,485","1,195",20,"6,295","1,110","4,440","42,365",0,305,465,855,0,0,10,535,0,0,0,0,"2,465","223,185","6,763,330","3,160","1,035",645,"1,265",145,160,40,120,665,830,0,0,125,0,0,20,5,10,15,15,"47,630",460,680,0,0
813 - Portsmouth,"3,085","3,510",400,280,410,470,955,30,0,5,"1,760",110,30,85,30,5,5,140,180,70,165,755,210,175,185,"1,040",430,175,350,545,20,70,80,"26,115",775,305,625,"7,315","5,335",95,45,"1,500",80,80,125,"4,490",15,0,"6,920",480,40,"1,260",280,0,45,0,0,0,0,0,0,0,0,0,0,0,0,0,0,0,0,0,0,0,0,"9,955","6,060","10,100",445,435,625,250,0,"4,240",90,605,"6,225","3,565",660,50,"5,975",110,110,245,"1,540",10,0,5,120,355,0,"785,345",0,0,140,35,35,5,0,0,160,125,0,40,0,0,0,30,5,10,5,..,..,..,..,"1,240",0
814 - Southampton ,"5,090","6,810","1,000",595,475,535,820,15,105,50,"2,385",225,45,195,190,40,30,270,260,65,295,"1,410",295,245,110,"2,160",645,270,405,..,..,..,..,"36,910",..,..,..,..,..,..,..,"1,805",..,..,..,"2,745",..,..,"6,375",..,..,980,0,0,0,0,0,0,0,0,0,0,0,0,0,0,0,0,0,0,"1,070",0,0,0,0,"15,435","4,730","16,745",740,0,"1,065",0,0,"2,745",0,250,"6,125","5,095",..,..,..,..,..,..,..,..,..,..,..,575,"136,250","791,180",..,..,0,310,20,25,0,40,175,85,..,..,..,..,0,75,20,20,5,..,..,..,..,0,"1,185"
815 - East Sussex ,"12,955","16,450","3,645","1,435","1,885","1,095",700,70,110,165,"5,815",290,125,585,80,25,280,45,340,195,"1,100","2,060",530,715,875,"2,480","1,025",770,"1,975","2,060",135,100,435,"118,810",570,"1,000","4,895","18,240","7,975","4,810",840,"5,385",0,75,"1,205","5,820",5,"1,330","23,385",755,380,0,0,0,0,0,0,0,0,0,0,0,0,0,0,0,0,0,0,0,0,0,0,0,0,"47,740","2,585","68,485","2,035",0,"3,350",925,0,"4,895",340,"1,240","21,805",..,..,..,..,860,650,825,"4,060",55,55,165,350,"1,100","81,025","1,418,290",..,..,480,130,0,120,0,20,290,155,..,..,..,..,5,"1,310",570,430,135,20,..,"4,700","3,325","3,500",0
816 - Brighton and Hove ,"2,860","2,820",420,190,475,540,35,55,15,20,"1,235",220,40,185,55,65,20,165,155,100,305,840,170,55,95,"1,255",380,75,400,..,..,..,..,"50,555",..,..,..,..,..,..,..,"2,405",..,..,..,"4,985",..,..,"11,950",..,..,0,0,0,0,0,0,0,0,0,0,0,0,0,0,0,0,0,0,0,0,0,0,0,0,"21,245","3,450","25,860",840,0,"1,565",715,0,"4,270",245,"1,275","10,430",..,..,..,..,..,..,..,..,..,..,..,..,685,"65,375","778,195",..,..,190,55,45,15,0,60,150,115,..,..,..,..,5,195,50,20,10,..,..,..,..,"1,545",0
817 - Wiltshire ,"10,975","17,340","3,745",690,"1,515","1,390","1,710",140,10,65,"6,010",260,40,245,85,15,5,275,345,130,390,"1,360",225,0,400,"1,990",635,0,790,"1,430",70,95,300,"75,845",410,165,0,"14,070","7,415","1,445",10,"3,595",0,35,0,"5,725",20,0,"16,635","1,070",0,0,0,0,0,0,0,0,0,0,0,0,0,0,0,0,0,50,0,390,105,0,0,0,0,"30,625",0,"45,220","1,015",0,"2,575",640,0,"5,085",265,"1,070","15,300",..,..,..,..,..,..,..,..,0,0,0,0,655,"63,380","1,482,075",..,..,0,205,0,30,0,15,240,130,..,..,..,..,0,230,200,175,185,575,..,..,..,0,0
819 - Swindon ,"3,570","4,440",795,"1,085",285,510,"1,370",20,0,0,"2,255",130,60,95,25,140,0,200,160,75,165,725,200,0,75,"1,085",555,0,240,530,20,40,155,"29,310",565,20,615,"8,230","3,660","1,890",590,960,55,45,70,"2,195",0,165,"10,815",0,"1,015",0,0,0,0,0,0,0,0,0,0,0,0,0,0,0,0,0,0,0,0,0,0,0,0,"10,770",0,"18,540",270,0,690,135,0,"2,060",475,0,"10,340","4,825",145,930,"5,660",..,..,..,..,..,..,..,..,345,0,"815,825",915,..,0,180,0,55,0,0,0,180,..,..,..,..,0,80,10,10,5,105,..,65,170,0,0
820 - Kent,"22,865","19,465","3,400","2,270","3,360","3,325","5,840",180,660,0,"17,885","1,000",360,"1,025",185,5,155,275,"1,190","1,005","2,190","5,530",675,525,835,"6,990","2,235",565,"3,025","4,585",255,215,"1,050","270,855","8,775","7,580","4,570","73,745","18,570","11,135",0,"13,960",130,415,415,"8,975",185,135,"58,220","2,465",105,0,0,0,0,0,0,0,0,0,0,0,0,0,0,0,0,0,0,0,0,0,0,0,0,"84,170","15,030","171,655",0,125,"13,835",0,0,"8,975",0,"2,080","56,140","16,760","5,985","6,785","30,990",590,360,190,"5,655",0,0,0,0,"2,315","237,445","3,197,965","6,995",15,365,300,5,250,55,0,820,655,0,55,85,5,145,80,120,160,0,0,"17,980",795,"1,595","3,840",0
821 - Medway,"5,410","7,160","1,380",415,"1,560",580,145,60,0,0,"2,200",190,80,185,15,65,15,25,80,180,375,"1,100",325,155,125,"1,330",550,165,500,625,60,40,200,"32,725",840,"1,275",..,"10,020","3,545","1,150",105,"3,440",25,330,..,"1,525",5,..,"9,975",565,..,505,0,0,0,"2,805",15,0,0,"2,190",25,0,0,0,0,0,0,0,0,0,0,0,0,0,0,"11,645","3,605","17,475","1,085",85,"2,275",0,0,"1,525",275,470,"9,230",..,..,..,..,..,..,..,..,..,..,..,..,535,0,"710,220",..,..,235,90,65,15,65,0,50,25,..,..,..,..,0,35,0,0,0,15,..,..,..,"1,075",0
902 - Cornwall,"11,665","13,560","2,915","1,955","1,720","1,385","4,495",95,10,30,"5,510",375,90,300,20,480,0,315,605,255,560,"2,790",410,40,205,"3,520","1,585",45,765,"1,555",75,70,340,"83,575",..,..,..,..,..,"3,185",70,"3,220",..,..,..,"1,845",..,..,"17,205",..,..,0,0,0,0,0,0,0,0,0,0,0,0,0,0,0,0,245,105,0,"1,740","3,590",230,0,230,"25,225",0,"58,350","1,270",160,"1,790",0,0,"1,845",220,"1,025","15,960","2,345",105,..,"7,205",680,295,325,"4,540",0,0,0,0,"1,440","108,675","1,657,300",..,..,160,260,25,45,0,475,440,395,..,..,..,..,10,580,195,155,45,980,..,..,..,165,0
904 - Gloucestershire ,"8,015","13,980",730,290,890,550,"2,620",80,30,355,"4,565",260,90,300,105,10,275,625,260,175,500,"1,500",295,"2,010",300,"2,505",660,"2,165",800,"1,915",125,75,460,"117,610",..,..,..,..,..,..,..,"7,675",..,..,..,"3,050",..,..,"23,445",..,..,0,0,0,0,0,0,0,0,0,0,0,0,0,0,0,0,0,0,0,0,0,0,0,0,"47,285","4,310","66,015","2,180","1,635","3,860",465,0,"2,585",775,"1,005","21,665",..,..,..,..,..,..,..,..,..,..,..,..,"1,135","127,945","3,288,970",..,..,120,200,30,60,5,5,240,80,..,..,..,..,5,115,55,40,15,..,..,..,..,"4,195",0
905 - Somerset,"14,040","11,550","1,060","3,020",825,820,5,20,0,65,"3,955",385,130,480,155,5,15,560,370,255,765,"2,710",560,0,870,"3,830","1,070",0,"1,640","2,115",95,50,305,"113,975",0,"2,660","2,025","8,575","6,650","2,050",525,"4,675",0,310,405,"2,485",0,10,"16,495","1,745",195,0,0,0,0,0,0,0,0,0,0,0,0,0,0,0,0,0,0,0,0,0,0,0,0,"52,545",735,"60,695","1,885",0,"2,790",300,0,"2,185",360,"5,690","10,445",0,0,0,0,0,0,0,0,0,0,0,0,"1,700","362,025","1,435,130",0,0,0,560,5,125,0,5,350,70,10,0,380,5,0,5,0,0,0,5,0,..,..,0,0
906 - Isles of Scilly ,20,20,0,0,0,0,0,0,0,0,0,0,0,0,0,0,0,0,0,0,0,10,0,5,10,10,0,5,10,5,0,0,0,110,5,5,0,120,0,0,0,0,0,0,0,0,0,0,0,0,0,420,0,50,0,40,0,0,0,0,0,0,0,0,0,0,0,0,0,0,0,0,0,0,0,0,0,110,0,0,0,0,0,0,0,0,0,0,0,0,0,0,0,0,0,0,0,0,0,0,"1,810",0,5,0,0,0,0,0,0,0,0,0,0,0,0,0,0,15,5,0,0,0,0,10,5,60,15
908 - Bath and North East Somerset,"2,355","2,550",240,405,375,245,"1,040",15,5,5,"1,860",115,15,90,75,15,35,165,140,85,210,580,50,190,95,945,220,195,300,645,25,25,100,"33,650",0,450,0,"5,470","7,240",820,95,"1,410",0,130,0,"1,255",10,80,"5,820",5,0,0,0,0,0,"1,225",0,0,0,690,0,0,0,0,0,0,0,270,0,0,"1,635",5,0,0,50,"18,680",0,"14,970",595,0,810,310,0,945,305,0,"5,515","5,985",105,880,"1,175",0,0,0,575,275,110,360,85,405,0,"407,935",315,15,0,60,0,35,0,160,0,105,5,85,0,10,0,65,25,20,5,115,..,305,"1,235",0,940
909 - Bristol ,"3,860","4,365",590,195,435,635,210,110,20,30,"1,895",280,80,415,55,15,40,60,225,115,590,"1,875",300,430,245,"2,280",625,470,835,"1,315",65,115,335,"68,715","1,185","2,655",..,"13,170","8,030","3,815",985,"3,240",0,190,..,"6,105",100,..,"20,550","1,130",..,"1,525",0,0,0,475,0,0,0,620,45,0,0,0,0,0,0,0,0,0,0,0,0,0,0,"32,435","11,505","24,775","1,490",0,"1,750","1,450",0,"4,655","1,525",550,"18,475",..,..,..,..,..,..,..,..,..,..,..,..,"1,005","157,545","1,205,650",..,..,175,125,0,45,0,15,275,105,..,..,..,..,0,360,130,65,15,..,..,..,..,0,"2,675"
910 - North Somerset,"3,340","4,240",470,95,320,190,"1,215",20,5,0,"1,615",180,25,85,15,10,5,125,135,70,165,775,135,200,50,"1,095",305,205,215,950,45,55,130,"52,735","1,160","1,190",330,"10,760","5,825","3,095",210,"2,200",40,45,80,"3,760",20,145,"7,585",190,120,0,0,0,0,0,0,0,0,0,0,0,0,0,0,0,0,0,0,0,0,0,0,0,0,"18,600",0,"34,135",930,0,"1,270",525,0,"3,235",155,0,"7,430",..,..,..,..,..,..,..,..,..,..,..,..,395,"22,080","581,540",..,..,70,100,0,30,0,35,0,220,..,..,..,..,0,155,60,30,5,185,"1,520",210,330,0,"2,375"
911 - South Gloucestershire ,"3,375","2,390",405,220,350,245,135,35,10,10,"1,620",95,70,240,5,60,25,5,170,145,410,745,290,5,180,855,585,5,590,725,30,20,215,"38,125",..,380,865,"7,055","5,375","4,550",500,"1,525",..,5,85,"1,045",5,80,"11,015",85,130,"1,045",0,0,0,0,0,0,0,0,0,0,0,0,0,0,0,0,0,0,0,0,0,0,0,"15,750","3,585","18,790","1,035",0,490,225,0,820,630,0,"10,385","10,810",450,"1,440","7,985",50,0,10,490,..,..,..,..,270,"65,015","422,255",..,10,185,235,10,80,0,105,55,210,..,..,..,..,0,85,10,15,5,40,..,..,..,0,"1,745"
912 - Devon ,"13,795","14,685","1,010","3,010","1,175","1,780","1,385",125,15,125,"11,050",470,425,570,40,100,25,80,"1,020",445,"1,055","4,005","1,210",630,700,"4,605","2,780",670,"1,755","2,595",120,135,425,"154,270","2,470","2,995","2,940","39,950","11,075","7,615",585,"6,865",110,165,405,"7,865",110,585,"23,760","1,010",100,"1,205",0,0,0,"16,365",220,50,155,230,0,0,0,0,0,0,5,0,0,0,0,0,0,0,0,"31,070","22,455","100,750","1,690",110,"5,060",690,0,"7,175",240,725,"22,790",..,..,..,..,..,..,..,..,..,..,..,..,"2,495","59,310","2,096,785",..,..,545,480,50,215,5,120,335,580,..,..,..,..,630,"1,945",910,0,0,..,..,..,..,"3,400",0
913 - Plymouth,"2,600","2,695",680,80,535,610,40,60,35,125,"1,485",195,75,260,30,0,35,315,195,210,545,"1,130",115,210,315,"1,700",390,220,860,..,..,..,..,"44,475",..,..,..,..,..,..,..,"2,670",..,..,..,"2,740",..,..,"8,915",..,..,50,0,0,0,"2,920",10,5,0,845,40,0,0,0,0,0,0,0,0,0,0,0,0,0,0,"7,940","1,535","35,000",750,0,"1,920",210,0,"2,530",50,610,"8,255",..,..,..,..,..,..,..,..,..,..,..,..,950,"70,445","713,900",..,..,10,190,70,55,0,5,70,110,..,..,..,..,0,190,75,50,15,..,..,..,..,0,"1,295"
914 - Torbay,"4,475","3,975",815,"1,035",375,310,330,25,10,45,"1,435",100,10,135,70,0,10,85,180,115,280,495,100,100,150,715,310,110,435,570,20,60,100,"28,830",0,"1,080","1,175","10,530",645,"1,510",0,"1,220",0,65,105,"3,375",125,125,"6,545",315,30,0,0,0,0,"8,420",40,110,50,"1,190",105,0,0,0,0,0,0,0,0,0,0,0,0,0,0,"3,615",0,"25,215",250,0,965,20,0,"3,360",0,625,"5,915",..,..,..,..,..,..,..,..,..,..,..,..,165,"30,770","625,895",..,..,0,170,0,15,0,0,95,110,..,..,..,..,5,140,40,20,5,..,..,..,..,700,0
TOTAL England,"878,455","962,180","140,810","109,375","102,390","84,965","82,625","11,600","5,740","5,260","426,660","29,935","8,985","35,885","11,405","9,785","8,245","29,590","43,075","27,755","72,360","209,270","44,600","30,010","43,265","282,285","106,220","32,160","115,930",..,..,..,..,"8,972,665",..,..,..,..,..,..,..,"443,725",..,..,..,"538,810",..,..,"1,663,730",..,..,"63,005",420,135,915,"331,420","2,525","2,445","5,295","115,650","1,965",645,"1,100","2,030",5,0,730,"23,895","1,470","6,755","30,055","24,100","2,310","2,605","1,940","2,707,895","539,120","5,725,655","164,570","10,650","268,505","102,400","5,190","431,220","76,000","103,650","1,484,080",..,..,..,..,..,..,..,..,..,..,..,..,"122,175","16,165,630","171,277,445",..,..,"27,800","28,910","5,065","6,065","4,715","8,380","30,010","24,030",..,..,..,..,"1,180","42,035","12,865","9,120","3,515",..,..,..,..,"125,500","61,465"
.. means data not available,,,,,,,,,,,,,,,,,,,,,,,,,,,,,,,,,,,,,,,,,,,,,,,,,,,,,,,,,,,,,,,,,,,,,,,,,,,,,,,,,,,,,,,,,,,,,,,,,,,,,,,,,,,,,,,,,,,,,,,,,,,,,,,
All data are rounded to the nearest 5,,,,,,,,,,,,,,,,,,,,,,,,,,,,,,,,,,,,,,,,,,,,,,,,,,,,,,,,,,,,,,,,,,,,,,,,,,,,,,,,,,,,,,,,,,,,,,,,,,,,,,,,,,,,,,,,,,,,,,,,,,,,,,,
England totals include estimates for missing data items,,,,,,,,,,,,,,,,,,,,,,,,,,,,,,,,,,,,,,,,,,,,,,,,,,,,,,,,,,,,,,,,,,,,,,,,,,,,,,,,,,,,,,,,,,,,,,,,,,,,,,,,,,,,,,,,,,,,,,,,,,,,,,,
,,,,,,,,,,,,,,,,,,,,,,,,,,,,,,,,,,,,,,,,,,,,,,,,,,,,,,,,,,,,,,,,,,,,,,,,,,,,,,,,,,,,,,,,,,,,,,,,,,,,,,,,,,,,,,,,,,,,,,,,,,,,,,,
"Source: Personal Social Services: Expenditure and Unit Costs Return, Health and Social Care Information Centre",,,,,,,,,,,,,,,,,,,,,,,,,,,,,,,,,,,,,,,,,,,,,,,,,,,,,,,,,,,,,,,,,,,,,,,,,,,,,,,,,,,,,,,,,,,,,,,,,,,,,,,,,,,,,,,,,,,,,,,,,,,,,,,
,,,,,,,,,,,,,,,,,,,,,,,,,,,,,,,,,,,,,,,,,,,,,,,,,,,,,,,,,,,,,,,,,,,,,,,,,,,,,,,,,,,,,,,,,,,,,,,,,,,,,,,,,,,,,,,,,,,,,,,,,,,,,,,
"Copyright  2013, Health and Social Care Information Centre. All Rights Reserved.",,,,,,,,,,,,,,,,,,,,,,,,,,,,,,,,,,,,,,,,,,,,,,,,,,,,,,,,,,,,,,,,,,,,,,,,,,,,,,,,,,,,,,,,,,,,,,,,,,,,,,,,,,,,,,,,,,,,,,,,,,,,,,,
,,,,,,,,,,,,,,,,,,,,,,,,,,,,,,,,,,,,,,,,,,,,,,,,,,,,,,,,,,,,,,,,,,,,,,,,,,,,,,,,,,,,,,,,,,,,,,,,,,,,,,,,,,,,,,,,,,,,,,,,,,,,,,,
,,,,,,,,,,,,,,,,,,,,,,,,,,,,,,,,,,,,,,,,,,,,,,,,,,,,,,,,,,,,,,,,,,,,,,,,,,,,,,,,,,,,,,,,,,,,,,,,,,,,,,,,,,,,,,,,,,,,,,,,,,,,,,,
,,,,,,,,,,,,,,,,,,,,,,,,,,,,,,,,,,,,,,,,,,,,,,,,,,,,,,,,,,,,,,,,,,,,,,,,,,,,,,,,,,,,,,,,,,,,,,,,,,,,,,,,,,,,,,,,,,,,,,,,,,,,,,,
